"","text","reply_settings","possibly_sensitive","author_id","id","conversation_id","lang","created_at.x","location","created_at.y","verified","username","url","name","pinned_tweet_id","protected","profile_image_url","description","public_metrics.x_retweet_count","public_metrics.x_reply_count","public_metrics.x_like_count","public_metrics.x_quote_count","public_metrics.x_bookmark_count","public_metrics.x_impression_count","public_metrics.y_followers_count","public_metrics.y_following_count","public_metrics.y_tweet_count","public_metrics.y_listed_count","public_metrics.y_like_count","text_with_display_links","in_reply_to_user_id"
"1","RT @MaxChesnes: 3 years after the Piney Point disaster in Tampa Bay, Florida just settled a lawsuit with environment groups

The state must pay $75K for water quality tests and a new Clean Water Act permit is finally in the works. More @TB_Times: 
. https   www tampabay com news environment 2024 07 09 piney point red tide florida manatee county","everyone",FALSE,"4571702295","1811053222229880840","1811053222229880840","en",2024-07-10 15:01:50,"Global free spirit ","2015-12-22T21:37:20.000Z",FALSE,"DSKnyc1","https://t.co/GdYjYW7d3w","Devika #Bluecrew ‚ù§Ô∏èEarthSteward #Women&LGBTQRights","1804195814165672136",FALSE,"https://pbs.twimg.com/profile_images/1515847139238113284/FA_0cfXL_x96.jpg","financial planner: advocating for financial security through a financial plan| public speaker| Advocate 4 women/kids/veterans| #LQBTQrights",34,0,0,0,0,0,17328,15636,89297,9,243091,"RT @MaxChesnes: 3 years after the Piney Point disaster in Tampa Bay, Florida just settled a lawsuit with environment groups

The state must pay $75K for water quality tests and a new Clean Water Act permit is finally in the works. More @TB_Times: 
https://t.co/wVDu7xc1EY",NA
"2","RT @floridafriends: ""The money will go toward the Tampa Bay Estuary Program‚Äôs efforts to track oxygen levels, nitrogen and phosphorus concentrations and other metrics to determine the bay‚Äôs health."" . https   www tampabay com news environment 2024 07 09 piney point red tide florida manatee county","everyone",FALSE,"1106581368","1811048133696061692","1811048133696061692","en",2024-07-10 14:41:37,"USA","2013-01-20T15:54:46.000Z",FALSE,"xsuzi00","https://t.co/glljIHlrOz","Su Zi","1153718482351067138",FALSE,"https://pbs.twimg.com/profile_images/500043880285601793/cywDsU2O_x96.jpeg","artist,wordsmith, equestrian, publisher of Red Mare       Zoeglossia Fellow",1,0,0,0,0,0,1543,382,255884,139,1898,"RT @floridafriends: ""The money will go toward the Tampa Bay Estuary Program‚Äôs efforts to track oxygen levels, nitrogen and phosphorus concentrations and other metrics to determine the bay‚Äôs health."" https://t.co/PtSc8rMJUo",NA
"3","RT @MaxChesnes: 3 years after the Piney Point disaster in Tampa Bay, Florida just settled a lawsuit with environment groups

The state must pay $75K for water quality tests and a new Clean Water Act permit is finally in the works. More @TB_Times: 
. https   www tampabay com news environment 2024 07 09 piney point red tide florida manatee county","everyone",FALSE,"63522864","1811022614883668018","1811022614883668018","en",2024-07-10 13:00:13,"Largo, FL, USA","2009-08-06T19:54:05.000Z",FALSE,"mod19girl",NA,"Froannie üüß","1309229920904720385",FALSE,"https://pbs.twimg.com/profile_images/1789654438656819200/sJBuYpzI_x96.jpg","IT Accountant-Mom-#Democracy #BlackLivesMatter #LGBTQRights #DeathtoAnimalAbusers #SlavaUkraini #CivilRights;If I don't follow you, DM=blocked; She/Her",34,0,0,0,0,0,1891,3370,224674,1,147755,"RT @MaxChesnes: 3 years after the Piney Point disaster in Tampa Bay, Florida just settled a lawsuit with environment groups

The state must pay $75K for water quality tests and a new Clean Water Act permit is finally in the works. More @TB_Times: 
https://t.co/wVDu7xc1EY",NA
"4","""The money will go toward the Tampa Bay Estuary Program‚Äôs efforts to track oxygen levels, nitrogen and phosphorus concentrations and other metrics to determine the bay‚Äôs health."" . https   www tampabay com news environment 2024 07 09 piney point red tide florida manatee county","everyone",FALSE,"278560749","1811013864269451660","1811013864269451660","en",2024-07-10 12:25:26,"Florida","2011-04-07T14:28:47.000Z",FALSE,"floridafriends","https://t.co/gTjDwzmo2H","Friends of Florida",NA,FALSE,"https://pbs.twimg.com/profile_images/1189630935597277184/tmYoU941_x96.jpg","1000 Friends of Florida -- fighting sprawl, saving special places, building better communities, protecting habitats.  Facebook: http://t.co/c1vLWVw1nz",1,0,2,0,0,88,6511,3292,13187,177,242,"""The money will go toward the Tampa Bay Estuary Program‚Äôs efforts to track oxygen levels, nitrogen and phosphorus concentrations and other metrics to determine the bay‚Äôs health."" https://t.co/PtSc8rMJUo",NA
"5","RT @MaxChesnes: 3 years after the Piney Point disaster in Tampa Bay, Florida just settled a lawsuit with environment groups

The state must pay $75K for water quality tests and a new Clean Water Act permit is finally in the works. More @TB_Times: 
. https   www tampabay com news environment 2024 07 09 piney point red tide florida manatee county","everyone",FALSE,"115958589","1811011850680569999","1811011850680569999","en",2024-07-10 12:17:26,"RESIDENTS FOR RESILIENCE! ","2010-02-20T16:02:26.000Z",FALSE,"SuzeeC_Bailey","https://t.co/FSDy3rdXCT","Suzee Bailey founder Residents for Resilience",NA,FALSE,"https://pbs.twimg.com/profile_images/1782499193443000320/uDRmW5HA_x96.jpg","Join us as we advocate for safe clean  drinking water, flood mitigation, storm resiliency, and restoring the health and vitality  of our priceless waterways!",34,0,0,0,0,0,146,648,1705,0,613,"RT @MaxChesnes: 3 years after the Piney Point disaster in Tampa Bay, Florida just settled a lawsuit with environment groups

The state must pay $75K for water quality tests and a new Clean Water Act permit is finally in the works. More @TB_Times: 
https://t.co/wVDu7xc1EY",NA
"6","RT @MaxChesnes: 3 years after the Piney Point disaster in Tampa Bay, Florida just settled a lawsuit with environment groups

The state must pay $75K for water quality tests and a new Clean Water Act permit is finally in the works. More @TB_Times: 
. https   www tampabay com news environment 2024 07 09 piney point red tide florida manatee county","everyone",FALSE,"3129822634","1810949392725135731","1810949392725135731","en",2024-07-10 08:09:15,NA,"2015-03-30T19:54:53.000Z",FALSE,"purpletonyc",NA,"Tony Cooper","1663755376452403200",FALSE,"https://pbs.twimg.com/profile_images/1496807614113533958/joqtHbNI_x96.jpg","He/him",34,0,0,0,0,0,1424,5041,215648,6,125307,"RT @MaxChesnes: 3 years after the Piney Point disaster in Tampa Bay, Florida just settled a lawsuit with environment groups

The state must pay $75K for water quality tests and a new Clean Water Act permit is finally in the works. More @TB_Times: 
https://t.co/wVDu7xc1EY",NA
"7","RT @MaxChesnes: 3 years after the Piney Point disaster in Tampa Bay, Florida just settled a lawsuit with environment groups

The state must pay $75K for water quality tests and a new Clean Water Act permit is finally in the works. More @TB_Times: 
. https   www tampabay com news environment 2024 07 09 piney point red tide florida manatee county","everyone",FALSE,"19147275","1810887543937744990","1810887543937744990","en",2024-07-10 04:03:29,"Florida","2009-01-18T15:42:34.000Z",FALSE,"mombot4",NA,"Mary üòé",NA,FALSE,"https://pbs.twimg.com/profile_images/1774902416611201024/iRiKxDcK_x96.jpg","proud progressive, love sci-fi üöÄ, books üìö, Buddhist, married 30+ yrs üíñ, vote üíô
üá∫üá¶üá∫üá≤üåàally
https://t.co/Nz6Ejqnr7K",34,0,0,0,0,0,3797,3061,50510,78,274416,"RT @MaxChesnes: 3 years after the Piney Point disaster in Tampa Bay, Florida just settled a lawsuit with environment groups

The state must pay $75K for water quality tests and a new Clean Water Act permit is finally in the works. More @TB_Times: 
https://t.co/wVDu7xc1EY",NA
"8","RT @MaxChesnes: 3 years after the Piney Point disaster in Tampa Bay, Florida just settled a lawsuit with environment groups

The state must pay $75K for water quality tests and a new Clean Water Act permit is finally in the works. More @TB_Times: 
. https   www tampabay com news environment 2024 07 09 piney point red tide florida manatee county","everyone",FALSE,"1543268811029336065","1810886979082408188","1810886979082408188","en",2024-07-10 04:01:15,NA,"2022-07-02T16:28:26.000Z",FALSE,"Toler6Randy",NA,"Orange County Florida Green Party Account",NA,FALSE,"https://pbs.twimg.com/profile_images/1543270649355010048/2NLtpM6d_x96.png","Orange County Florida Green Party official Twitter account at heart of swing vote in USA on I-4 corridor",34,0,0,0,0,0,179,186,1574,5,539,"RT @MaxChesnes: 3 years after the Piney Point disaster in Tampa Bay, Florida just settled a lawsuit with environment groups

The state must pay $75K for water quality tests and a new Clean Water Act permit is finally in the works. More @TB_Times: 
https://t.co/wVDu7xc1EY",NA
"9","RT @MaxChesnes: 3 years after the Piney Point disaster in Tampa Bay, Florida just settled a lawsuit with environment groups

The state must pay $75K for water quality tests and a new Clean Water Act permit is finally in the works. More @TB_Times: 
. https   www tampabay com news environment 2024 07 09 piney point red tide florida manatee county","everyone",FALSE,"1208027594534375429","1810885862688788550","1810885862688788550","en",2024-07-10 03:56:48,NA,"2019-12-20T14:13:28.000Z",FALSE,"county_florida",NA,"Hillsborough County Florida Green Party",NA,FALSE,"https://pbs.twimg.com/profile_images/1208028256240312328/GeBuDu5s_x96.jpg","Hillsborough County Florida Green Party at center of I-4 Florida which is Center of Balance of Power in United States of America Vote Green America!",34,0,0,0,0,0,559,597,4493,2,1944,"RT @MaxChesnes: 3 years after the Piney Point disaster in Tampa Bay, Florida just settled a lawsuit with environment groups

The state must pay $75K for water quality tests and a new Clean Water Act permit is finally in the works. More @TB_Times: 
https://t.co/wVDu7xc1EY",NA
"10","RT @MaxChesnes: 3 years after the Piney Point disaster in Tampa Bay, Florida just settled a lawsuit with environment groups

The state must pay $75K for water quality tests and a new Clean Water Act permit is finally in the works. More @TB_Times: 
. https   www tampabay com news environment 2024 07 09 piney point red tide florida manatee county","everyone",FALSE,"770651350011183104","1810884035364757756","1810884035364757756","en",2024-07-10 03:49:33,"Florida","2016-08-30T15:56:14.000Z",FALSE,"toler1956",NA,"FLA Green Alliance",NA,FALSE,"https://pbs.twimg.com/profile_images/770659311357952000/KhKK9PLn_x96.jpg","Political alliance to pass legislation in the Florida State Legislature for ecologism economics and the environment",34,0,0,0,0,0,1214,1149,9367,19,3844,"RT @MaxChesnes: 3 years after the Piney Point disaster in Tampa Bay, Florida just settled a lawsuit with environment groups

The state must pay $75K for water quality tests and a new Clean Water Act permit is finally in the works. More @TB_Times: 
https://t.co/wVDu7xc1EY",NA
"11","RT @MaxChesnes: 3 years after the Piney Point disaster in Tampa Bay, Florida just settled a lawsuit with environment groups

The state must pay $75K for water quality tests and a new Clean Water Act permit is finally in the works. More @TB_Times: 
. https   www tampabay com news environment 2024 07 09 piney point red tide florida manatee county","everyone",FALSE,"1217820326576390146","1810883570044408088","1810883570044408088","en",2024-07-10 03:47:42,"Pasco County, Florida","2020-01-16T14:48:38.000Z",FALSE,"RobertA57765641",NA,"Pasco County Florida Green Party",NA,FALSE,"https://pbs.twimg.com/profile_images/1221185501874528260/ghMwm8k2_x96.jpg","Pasco County Florida Green Party located by the key I-4 corridor",34,0,0,0,0,0,498,503,3896,4,1717,"RT @MaxChesnes: 3 years after the Piney Point disaster in Tampa Bay, Florida just settled a lawsuit with environment groups

The state must pay $75K for water quality tests and a new Clean Water Act permit is finally in the works. More @TB_Times: 
https://t.co/wVDu7xc1EY",NA
"12","RT @MaxChesnes: 3 years after the Piney Point disaster in Tampa Bay, Florida just settled a lawsuit with environment groups

The state must pay $75K for water quality tests and a new Clean Water Act permit is finally in the works. More @TB_Times: 
. https   www tampabay com news environment 2024 07 09 piney point red tide florida manatee county","everyone",FALSE,"41617592","1810880910398464197","1810880910398464197","en",2024-07-10 03:37:08,"Tampa, FL","2009-05-21T16:19:22.000Z",FALSE,"greenpartytampa","https://t.co/bj5rPJSOR0","Green Party Tampa üåª",NA,FALSE,"https://pbs.twimg.com/profile_images/999425111907172354/Up9h9Nmz_x96.jpg","",34,0,0,0,0,0,3387,3207,13600,94,4470,"RT @MaxChesnes: 3 years after the Piney Point disaster in Tampa Bay, Florida just settled a lawsuit with environment groups

The state must pay $75K for water quality tests and a new Clean Water Act permit is finally in the works. More @TB_Times: 
https://t.co/wVDu7xc1EY",NA
"13","3 years after Piney Point disaster, Florida settles lawsuit with environment groups . https   www tampabay com news environment 2024 07 09 piney point red tide florida manatee county","everyone",FALSE,"25393191","1810880580458008850","1810880580458008850","en",2024-07-10 03:35:49,"Las Vegas, NV","2009-03-19T21:48:31.000Z",FALSE,"dgendvil",NA,"Derek Gendvil",NA,FALSE,"https://pbs.twimg.com/profile_images/378800000297811451/e9f6f633e42bd8a11e530fb1eaf3a4ea_x96.png","client for Circles Magazine",0,0,0,0,0,14,4374,5001,1335492,243,147547,"3 years after Piney Point disaster, Florida settles lawsuit with environment groups https://t.co/2b0ZMiSNYh",NA
"14","RT @MaxChesnes: 3 years after the Piney Point disaster in Tampa Bay, Florida just settled a lawsuit with environment groups

The state must pay $75K for water quality tests and a new Clean Water Act permit is finally in the works. More @TB_Times: 
. https   www tampabay com news environment 2024 07 09 piney point red tide florida manatee county","everyone",FALSE,"1543999627875307522","1810880493446889693","1810880493446889693","en",2024-07-10 03:35:28,NA,"2022-07-04T16:47:04.000Z",FALSE,"toler_kellie",NA,"Green Party of Desoto County Florida Account",NA,FALSE,"https://pbs.twimg.com/profile_images/1544000045774766083/0dVO6aaB_x96.png","Green Party of Desoto Florida at the heart of agriculture in the Sunshine State Vote Green!",34,0,0,0,0,0,138,520,1232,4,435,"RT @MaxChesnes: 3 years after the Piney Point disaster in Tampa Bay, Florida just settled a lawsuit with environment groups

The state must pay $75K for water quality tests and a new Clean Water Act permit is finally in the works. More @TB_Times: 
https://t.co/wVDu7xc1EY",NA
"15","RT @MaxChesnes: 3 years after the Piney Point disaster in Tampa Bay, Florida just settled a lawsuit with environment groups

The state must pay $75K for water quality tests and a new Clean Water Act permit is finally in the works. More @TB_Times: 
. https   www tampabay com news environment 2024 07 09 piney point red tide florida manatee county","everyone",FALSE,"1532805340391215104","1810874704439153126","1810874704439153126","en",2024-07-10 03:12:28,NA,"2022-06-03T19:24:15.000Z",FALSE,"Interna13819612",NA,"International Green Party",NA,FALSE,"https://pbs.twimg.com/profile_images/1532805512001118219/0ydsS_7d_x96.png","International Network of Green parties and political movements unifying Green Legislators across the globe. Based in Florida USA  tel. 813-748-7340",34,0,0,0,0,0,716,784,4607,6,1310,"RT @MaxChesnes: 3 years after the Piney Point disaster in Tampa Bay, Florida just settled a lawsuit with environment groups

The state must pay $75K for water quality tests and a new Clean Water Act permit is finally in the works. More @TB_Times: 
https://t.co/wVDu7xc1EY",NA
"16","RT @MaxChesnes: 3 years after the Piney Point disaster in Tampa Bay, Florida just settled a lawsuit with environment groups

The state must pay $75K for water quality tests and a new Clean Water Act permit is finally in the works. More @TB_Times: 
. https   www tampabay com news environment 2024 07 09 piney point red tide florida manatee county","everyone",FALSE,"1541880029008826368","1810873350891217180","1810873350891217180","en",2024-07-10 03:07:05,NA,"2022-06-28T20:24:15.000Z",FALSE,"FaithBinder2",NA,"Faith Binder",NA,FALSE,"https://pbs.twimg.com/profile_images/1541880175771648000/awbVVNNT_x96.jpg","",34,0,0,0,0,0,119,550,61910,0,13714,"RT @MaxChesnes: 3 years after the Piney Point disaster in Tampa Bay, Florida just settled a lawsuit with environment groups

The state must pay $75K for water quality tests and a new Clean Water Act permit is finally in the works. More @TB_Times: 
https://t.co/wVDu7xc1EY",NA
"17","RT @MaxChesnes: 3 years after the Piney Point disaster in Tampa Bay, Florida just settled a lawsuit with environment groups

The state must pay $75K for water quality tests and a new Clean Water Act permit is finally in the works. More @TB_Times: 
. https   www tampabay com news environment 2024 07 09 piney point red tide florida manatee county","everyone",FALSE,"1960692132","1810872264801329359","1810872264801329359","en",2024-07-10 03:02:46,"Seffner Florida","2013-10-14T13:52:21.000Z",FALSE,"randy_toler","http://t.co/xVOBho2Odm","Randy Toler",NA,FALSE,"https://pbs.twimg.com/profile_images/378800000851673595/e7f163b0bea411490e5515915e130263_x96.jpeg","Florida politician w/focus on eco-software  Writing book on ecologism a word I coined  Ex-IBM Mainframe Wife & I ran for schoolboard 7th largest USA district",34,0,0,0,0,0,11787,10793,23676,110,4927,"RT @MaxChesnes: 3 years after the Piney Point disaster in Tampa Bay, Florida just settled a lawsuit with environment groups

The state must pay $75K for water quality tests and a new Clean Water Act permit is finally in the works. More @TB_Times: 
https://t.co/wVDu7xc1EY",NA
"18","RT @MaxChesnes: 3 years after the Piney Point disaster in Tampa Bay, Florida just settled a lawsuit with environment groups

The state must pay $75K for water quality tests and a new Clean Water Act permit is finally in the works. More @TB_Times: 
. https   www tampabay com news environment 2024 07 09 piney point red tide florida manatee county","everyone",FALSE,"1201869363860660229","1810871727322243572","1810871727322243572","en",2024-07-10 03:00:38,"Seffner Florida USA","2019-12-03T14:22:52.000Z",FALSE,"RandyToler2",NA,"Randy Toler For Green Party USA President 2024",NA,FALSE,"https://pbs.twimg.com/profile_images/1715117799184482304/mf0RIUZV_x96.jpg","USA Green Party Co-Founder Coined term ecologism Running for President 2024  Co-Chair Florida Green Party Put the ""green"" back in the Green Party  Florida based",34,0,0,0,0,0,3216,3267,12355,15,3825,"RT @MaxChesnes: 3 years after the Piney Point disaster in Tampa Bay, Florida just settled a lawsuit with environment groups

The state must pay $75K for water quality tests and a new Clean Water Act permit is finally in the works. More @TB_Times: 
https://t.co/wVDu7xc1EY",NA
"19","RT @MaxChesnes: 3 years after the Piney Point disaster in Tampa Bay, Florida just settled a lawsuit with environment groups

The state must pay $75K for water quality tests and a new Clean Water Act permit is finally in the works. More @TB_Times: 
. https   www tampabay com news environment 2024 07 09 piney point red tide florida manatee county","everyone",FALSE,"881974187589603328","1810871073698635894","1810871073698635894","en",2024-07-10 02:58:02,"Orlando, FL","2017-07-03T20:33:27.000Z",FALSE,"AnnaForFlorida","https://t.co/Z5kaHEEV7a","Rep. Anna V. Eskamani, PhD üî®","1039854890036682752",FALSE,"https://pbs.twimg.com/profile_images/1588551949250707457/FzE-Umka_x96.jpg","Orlandoan, daughter of working class immigrants and @UCF grad elected to serve in the FL House. Working for you, fighting for us. she/her #OnwardWithAnna",34,0,0,0,0,0,94965,7358,84614,696,126125,"RT @MaxChesnes: 3 years after the Piney Point disaster in Tampa Bay, Florida just settled a lawsuit with environment groups

The state must pay $75K for water quality tests and a new Clean Water Act permit is finally in the works. More @TB_Times: 
https://t.co/wVDu7xc1EY",NA
"20","RT @MaxChesnes: 3 years after the Piney Point disaster in Tampa Bay, Florida just settled a lawsuit with environment groups

The state must pay $75K for water quality tests and a new Clean Water Act permit is finally in the works. More @TB_Times: 
. https   www tampabay com news environment 2024 07 09 piney point red tide florida manatee county","everyone",FALSE,"2823328058","1810868703749079303","1810868703749079303","en",2024-07-10 02:48:37,"Florida","2014-09-21T03:46:14.000Z",FALSE,"GreenPartyFL","https://t.co/Fj7NoAkeWM","Green Party of FL üåª","874651290885926913",FALSE,"https://pbs.twimg.com/profile_images/1663616426236694536/DOfUXAtm_x96.jpg","Announcement: üåø
Florida Right to Clean Water Initiative 2026   Vote Green Florida's future depends on clean water",34,0,0,0,0,0,3837,3508,14651,70,10387,"RT @MaxChesnes: 3 years after the Piney Point disaster in Tampa Bay, Florida just settled a lawsuit with environment groups

The state must pay $75K for water quality tests and a new Clean Water Act permit is finally in the works. More @TB_Times: 
https://t.co/wVDu7xc1EY",NA
"21","RT @MaxChesnes: 3 years after the Piney Point disaster in Tampa Bay, Florida just settled a lawsuit with environment groups

The state must pay $75K for water quality tests and a new Clean Water Act permit is finally in the works. More @TB_Times: 
. https   www tampabay com news environment 2024 07 09 piney point red tide florida manatee county","everyone",FALSE,"1309899055938572290","1810816668781719578","1810816668781719578","en",2024-07-09 23:21:51,NA,"2020-09-26T16:54:26.000Z",FALSE,"Ann76498196",NA,"INSIST PERSIST RESIST","1656458045717725191",FALSE,"https://pbs.twimg.com/profile_images/1758962932535132160/x04_7XHZ_x96.jpg","Feminist
Prochoice
Environmentalist
Protector of Animals 
The Resistance
GUN REFORM
God Bless our President Joe Biden !!!!!",34,0,0,0,0,0,1282,5157,120642,0,58686,"RT @MaxChesnes: 3 years after the Piney Point disaster in Tampa Bay, Florida just settled a lawsuit with environment groups

The state must pay $75K for water quality tests and a new Clean Water Act permit is finally in the works. More @TB_Times: 
https://t.co/wVDu7xc1EY",NA
"22","3 years after Piney Point disaster, Florida settles lawsuit with environment groups -  #GoogleAlerts. https   www tampabay com news environment 2024 07 09 piney point red tide florida manatee county","everyone",FALSE,"534263140","1810805747434791312","1810805747434791312","en",2024-07-09 22:38:27,NA,"2012-03-23T12:49:26.000Z",FALSE,"FloridaIssues",NA,"Florida Issues",NA,FALSE,"https://pbs.twimg.com/profile_images/1169906487172333577/HqrgWFkr_x96.jpg","",0,0,0,0,0,30,1095,10,155474,38,1311,"3 years after Piney Point disaster, Florida settles lawsuit with environment groups - https://t.co/54zuphQ838 #GoogleAlerts",NA
"23","Florida settles lawsuits on (unregulated) PineyPoint disaster: ‚ÄúIt failed to regulate facilities, harm from the discharge can never be undone. It's unacceptable it took citizens &amp; a massive pollution event to compel state to do its job.‚Äù  @cspan @cspanwj. https   www tampabay com news environment 2024 07 09 piney point red tide florida manatee county","everyone",FALSE,"79460073","1810779714824589739","1810779714824589739","en",2024-07-09 20:55:01,"Your amygdala","2009-10-03T13:25:14.000Z",FALSE,"cspanSnark",NA,"Caliphate Pontificus kolektiva.social/@cspansnark",NA,FALSE,"https://pbs.twimg.com/profile_images/450346953/screen-capture-1_x96.png","""Your the reason this country is going to a Socialistic nation""‚ÄîSome dumb right-winger",0,0,0,0,0,11,432,168,38078,25,2192,"Florida settles lawsuits on (unregulated) PineyPoint disaster: ‚ÄúIt failed to regulate facilities, harm from the discharge can never be undone. It's unacceptable it took citizens &amp; a massive pollution event to compel state to do its job.‚Äù https://t.co/n2YDFtHXKh @cspan @cspanwj",NA
"24","RT @MaxChesnes: 3 years after the Piney Point disaster in Tampa Bay, Florida just settled a lawsuit with environment groups

The state must pay $75K for water quality tests and a new Clean Water Act permit is finally in the works. More @TB_Times: 
. https   www tampabay com news environment 2024 07 09 piney point red tide florida manatee county","everyone",FALSE,"17888839","1810764351524962453","1810764351524962453","en",2024-07-09 19:53:58,"madison wi","2008-12-05T03:30:23.000Z",FALSE,"trixeyfairfield",NA,"trixeyfairfield",NA,FALSE,"https://pbs.twimg.com/profile_images/1544067701596950529/WBaNuvZM_x96.jpg","Passionate Democrat, hate what Maga has done to our country.  I love wine , bicycling, travel, and anything that makes me laugh. Life is fun!",34,0,0,0,0,0,7199,7920,70528,15,36685,"RT @MaxChesnes: 3 years after the Piney Point disaster in Tampa Bay, Florida just settled a lawsuit with environment groups

The state must pay $75K for water quality tests and a new Clean Water Act permit is finally in the works. More @TB_Times: 
https://t.co/wVDu7xc1EY",NA
"25","RT @MaxChesnes: 3 years after the Piney Point disaster in Tampa Bay, Florida just settled a lawsuit with environment groups

The state must pay $75K for water quality tests and a new Clean Water Act permit is finally in the works. More @TB_Times: 
. https   www tampabay com news environment 2024 07 09 piney point red tide florida manatee county","everyone",FALSE,"619451921","1810754746652787076","1810754746652787076","en",2024-07-09 19:15:48,"Florida, USA","2012-06-26T21:54:20.000Z",FALSE,"KlinglerRobin",NA,"RockinRobin",NA,FALSE,"https://pbs.twimg.com/profile_images/1307456444145557504/O5bIr0iK_x96.jpg","Proud Democrat 
üåäüè≥Ô∏è‚Äçüåàüá∫üá¶üá∫üá∏
#VoteBlue",34,0,0,0,0,0,1042,5012,44163,3,208349,"RT @MaxChesnes: 3 years after the Piney Point disaster in Tampa Bay, Florida just settled a lawsuit with environment groups

The state must pay $75K for water quality tests and a new Clean Water Act permit is finally in the works. More @TB_Times: 
https://t.co/wVDu7xc1EY",NA
"26","RT @MaxChesnes: 3 years after the Piney Point disaster in Tampa Bay, Florida just settled a lawsuit with environment groups

The state must pay $75K for water quality tests and a new Clean Water Act permit is finally in the works. More @TB_Times: 
. https   www tampabay com news environment 2024 07 09 piney point red tide florida manatee county","everyone",FALSE,"2701863841","1810752418746974443","1810752418746974443","en",2024-07-09 19:06:33,"Florida, USA","2014-08-02T22:02:05.000Z",FALSE,"VoteWaterFL","https://t.co/KznHCq17zJ","VoteWater",NA,FALSE,"https://pbs.twimg.com/profile_images/1261323378079735808/MGIjyXmc_x96.jpg","Fighting political corruption in Florida by galvanizing public resolve to end the systemic pollution and mismanagement of our waterways.",34,0,0,0,0,0,2078,1192,5107,27,1340,"RT @MaxChesnes: 3 years after the Piney Point disaster in Tampa Bay, Florida just settled a lawsuit with environment groups

The state must pay $75K for water quality tests and a new Clean Water Act permit is finally in the works. More @TB_Times: 
https://t.co/wVDu7xc1EY",NA
"27","RT @MaxChesnes: 3 years after the Piney Point disaster in Tampa Bay, Florida just settled a lawsuit with environment groups

The state must pay $75K for water quality tests and a new Clean Water Act permit is finally in the works. More @TB_Times: 
. https   www tampabay com news environment 2024 07 09 piney point red tide florida manatee county","everyone",FALSE,"4063577452","1810751909659136301","1810751909659136301","en",2024-07-09 19:04:32,NA,"2015-10-28T22:07:22.000Z",FALSE,"Nehizzle",NA,"Neha","704895014539816960",FALSE,"https://pbs.twimg.com/profile_images/1805777961859129345/pSLOjmfb_x96.jpg","Newsletter-ing @ Tampa Bay Times üì® | Quinnipiac Journalism alum | (she/her)",34,0,0,0,0,0,618,641,16005,2,45434,"RT @MaxChesnes: 3 years after the Piney Point disaster in Tampa Bay, Florida just settled a lawsuit with environment groups

The state must pay $75K for water quality tests and a new Clean Water Act permit is finally in the works. More @TB_Times: 
https://t.co/wVDu7xc1EY",NA
"28",". https   www tampabay com news environment 2024 07 09 piney point red tide florida manatee county","everyone",FALSE,"1360710757629968385","1810744952101769536","1810744952101769536","zxx",2024-07-09 18:36:53,NA,"2021-02-13T22:02:22.000Z",FALSE,"CorrineCarrier4",NA,"Corrine Carrier","1753084003651834148",FALSE,"https://pbs.twimg.com/profile_images/1548332081658269699/PhreJNua_x96.jpg","Surfer, diver, beachcomber, and actress turned educator, working on raising awareness of the issues our ocean face.",0,0,2,0,0,13,72,112,680,1,9070,"https://t.co/BurMdRbFL9",NA
"29","RT @MaxChesnes: 3 years after the Piney Point disaster in Tampa Bay, Florida just settled a lawsuit with environment groups

The state must pay $75K for water quality tests and a new Clean Water Act permit is finally in the works. More @TB_Times: 
. https   www tampabay com news environment 2024 07 09 piney point red tide florida manatee county","everyone",FALSE,"959413847424688128","1810742391017722254","1810742391017722254","en",2024-07-09 18:26:42,"Maryland, USA","2018-02-02T13:11:01.000Z",FALSE,"MrCharlieHTown","https://t.co/bfp5q4rU6m","Charles Houston","1287825274411917312",FALSE,"https://pbs.twimg.com/profile_images/1511881884355203074/OEtTuKYm_x96.jpg","Servant to God, Husband, Father, Soldier, 2006 Graduate of Wakanda by way of Morehouse College. ŒëŒ¶Œë...Jedi when needed",34,0,0,0,0,0,757,1407,11827,4,21413,"RT @MaxChesnes: 3 years after the Piney Point disaster in Tampa Bay, Florida just settled a lawsuit with environment groups

The state must pay $75K for water quality tests and a new Clean Water Act permit is finally in the works. More @TB_Times: 
https://t.co/wVDu7xc1EY",NA
"30","RT @MaxChesnes: 3 years after the Piney Point disaster in Tampa Bay, Florida just settled a lawsuit with environment groups

The state must pay $75K for water quality tests and a new Clean Water Act permit is finally in the works. More @TB_Times: 
. https   www tampabay com news environment 2024 07 09 piney point red tide florida manatee county","everyone",FALSE,"950560842772307968","1810742222251511811","1810742222251511811","en",2024-07-09 18:26:02,"Florida","2018-01-09T02:52:20.000Z",FALSE,"EmilyWunderlich","https://t.co/e6JLNLQ0aN","Emily Wunderlich","1413289357906268164",FALSE,"https://pbs.twimg.com/profile_images/1665155769631748096/RNeP9hRz_x96.jpg","breaking news editor @TB_Times ‚òÄÔ∏è",34,0,0,0,0,0,672,705,3189,7,16196,"RT @MaxChesnes: 3 years after the Piney Point disaster in Tampa Bay, Florida just settled a lawsuit with environment groups

The state must pay $75K for water quality tests and a new Clean Water Act permit is finally in the works. More @TB_Times: 
https://t.co/wVDu7xc1EY",NA
"31","RT @MaxChesnes: 3 years after the Piney Point disaster in Tampa Bay, Florida just settled a lawsuit with environment groups

The state must pay $75K for water quality tests and a new Clean Water Act permit is finally in the works. More @TB_Times: 
. https   www tampabay com news environment 2024 07 09 piney point red tide florida manatee county","everyone",FALSE,"3354067738","1810741449694269546","1810741449694269546","en",2024-07-09 18:22:58,"USA","2015-07-01T22:29:40.000Z",FALSE,"Becky82422",NA,"Becky","1809649324130808120",FALSE,"https://pbs.twimg.com/profile_images/1809647447368507392/Fd8n7xZX_x96.jpg","The only obstacle to realizing tomorrow's ideals is today's doubts",34,0,0,0,0,0,273,81,1198,0,1283,"RT @MaxChesnes: 3 years after the Piney Point disaster in Tampa Bay, Florida just settled a lawsuit with environment groups

The state must pay $75K for water quality tests and a new Clean Water Act permit is finally in the works. More @TB_Times: 
https://t.co/wVDu7xc1EY",NA
"32","RT @MaxChesnes: 3 years after the Piney Point disaster in Tampa Bay, Florida just settled a lawsuit with environment groups

The state must pay $75K for water quality tests and a new Clean Water Act permit is finally in the works. More @TB_Times: 
. https   www tampabay com news environment 2024 07 09 piney point red tide florida manatee county","everyone",FALSE,"1569856520258736129","1810740239738229191","1810740239738229191","en",2024-07-09 18:18:09,NA,"2022-09-14T01:12:35.000Z",FALSE,"SilasMorgan1128","https://t.co/dbJNhtAjEr","Silas Morgan",NA,FALSE,"https://pbs.twimg.com/profile_images/1620433611706060801/xbJe8Bj2_x96.jpg","Reporter @OrlandoSentinel || @UFJSchool alumni || @Politico Journalism Institute ‚Äò24 II Bylines in @MiamiHerald, @TB_Times, @SunSentinel, @Fla_Pol",34,0,0,0,0,0,1050,6048,24533,2,26139,"RT @MaxChesnes: 3 years after the Piney Point disaster in Tampa Bay, Florida just settled a lawsuit with environment groups

The state must pay $75K for water quality tests and a new Clean Water Act permit is finally in the works. More @TB_Times: 
https://t.co/wVDu7xc1EY",NA
"33","RT @MaxChesnes: 3 years after the Piney Point disaster in Tampa Bay, Florida just settled a lawsuit with environment groups

The state must pay $75K for water quality tests and a new Clean Water Act permit is finally in the works. More @TB_Times: 
. https   www tampabay com news environment 2024 07 09 piney point red tide florida manatee county","everyone",FALSE,"14304462","1810738425949217124","1810738425949217124","en",2024-07-09 18:10:57,"St. Petersburg, Florida","2008-04-04T17:14:50.000Z",TRUE,"TB_Times","https://t.co/cGIDc1tNIf","Tampa Bay Times","1593648689536413696",FALSE,"https://pbs.twimg.com/profile_images/1066713591246725120/wFmoB0Xs_x96.jpg","Florida's largest newspaper with 14 Pulitzer Prizes. Have story ideas or tips? DM us. Support our local journalism: https://t.co/mFNHsivGio",34,0,0,0,0,0,327254,5367,272011,3103,11181,"RT @MaxChesnes: 3 years after the Piney Point disaster in Tampa Bay, Florida just settled a lawsuit with environment groups

The state must pay $75K for water quality tests and a new Clean Water Act permit is finally in the works. More @TB_Times: 
https://t.co/wVDu7xc1EY",NA
"34","RT @MaxChesnes: 3 years after the Piney Point disaster in Tampa Bay, Florida just settled a lawsuit with environment groups

The state must pay $75K for water quality tests and a new Clean Water Act permit is finally in the works. More @TB_Times: 
. https   www tampabay com news environment 2024 07 09 piney point red tide florida manatee county","everyone",FALSE,"1341580038358130690","1810738261020868647","1810738261020868647","en",2024-07-09 18:10:17,"St. Petersburg, FL","2020-12-23T03:03:25.000Z",FALSE,"newskingdollar","https://t.co/XqW0n6xUp0","Brandon Kingdollar",NA,FALSE,"https://pbs.twimg.com/profile_images/1794815425609433088/MCYjX30K_x96.jpg","Reporting intern @TB_Times üóûÔ∏è | Harvard ‚Äô24
‚úâÔ∏è bkingdollar@tampabay.com | DM for signal or telegram
former managing editor @thecrimson",34,0,0,0,0,0,737,435,1387,2,3722,"RT @MaxChesnes: 3 years after the Piney Point disaster in Tampa Bay, Florida just settled a lawsuit with environment groups

The state must pay $75K for water quality tests and a new Clean Water Act permit is finally in the works. More @TB_Times: 
https://t.co/wVDu7xc1EY",NA
"35","RT @MaxChesnes: 3 years after the Piney Point disaster in Tampa Bay, Florida just settled a lawsuit with environment groups

The state must pay $75K for water quality tests and a new Clean Water Act permit is finally in the works. More @TB_Times: 
. https   www tampabay com news environment 2024 07 09 piney point red tide florida manatee county","everyone",FALSE,"1385193380062367750","1810738247854944345","1810738247854944345","en",2024-07-09 18:10:14,"Stuart, FL","2021-04-22T11:27:06.000Z",FALSE,"TCPEnvironment","https://t.co/yspcN5nTBU","TCPalm Environment",NA,FALSE,"https://pbs.twimg.com/profile_images/1385193822511058944/VVbnW-1r_x96.jpg","Breaking and in-depth environment coverage from @TCPalm journalists along Florida‚Äôs Treasure Coast üå≥",34,0,0,0,0,0,191,109,1287,4,1976,"RT @MaxChesnes: 3 years after the Piney Point disaster in Tampa Bay, Florida just settled a lawsuit with environment groups

The state must pay $75K for water quality tests and a new Clean Water Act permit is finally in the works. More @TB_Times: 
https://t.co/wVDu7xc1EY",NA
"36","3 years after the Piney Point disaster in Tampa Bay, Florida just settled a lawsuit with environment groups

The state must pay $75K for water quality tests and a new Clean Water Act permit is finally in the works. More @TB_Times: 
. https   www tampabay com news environment 2024 07 09 piney point red tide florida manatee county","everyone",FALSE,"1239172640","1810737625055015142","1810737625055015142","en",2024-07-09 18:07:46,"St Petersburg, FL","2013-03-03T15:29:18.000Z",FALSE,"MaxChesnes","https://t.co/XqBqJqqUrm","Max Chesnes","1806339640623759533",FALSE,"https://pbs.twimg.com/profile_images/1695974368440893440/9BPsXEmW_x96.jpg","Climate & environment reporter @TB_Times. Past: @tcpenvironmentüíß Fmr. @ColumbiaUEnergy Fellow. @UFJSchool alum. Drone pilot. #ReadLocal",34,3,50,0,4,3863,8432,3563,12642,153,44780,"3 years after the Piney Point disaster in Tampa Bay, Florida just settled a lawsuit with environment groups

The state must pay $75K for water quality tests and a new Clean Water Act permit is finally in the works. More @TB_Times: 
https://t.co/wVDu7xc1EY",NA
"37","@pksm47 He's also purchased Manatee County Commission.  You know, those brilliant idiots who have clear cut the Mangroves and injected radioactive gypsum stack water into the deep aquifer? He's definitely a greedy scourge on mankind! Red tide Ronnie is just as bad as Ricky red tide, btw.","everyone",FALSE,"1601310670254899200","1764472606177038397","1764065593760624847","en",2024-03-04 02:07:06,NA,"2022-12-09T20:22:56.000Z",FALSE,"hurricanejohne",NA,"John E Ochotnicky",NA,FALSE,"https://pbs.twimg.com/profile_images/1601312285477281794/_mnL77qU_normal.jpg","",0,0,0,0,0,2,88,88,2757,0,4522,"@pksm47 He's also purchased Manatee County Commission.  You know, those brilliant idiots who have clear cut the Mangroves and injected radioactive gypsum stack water into the deep aquifer? He's definitely a greedy scourge on mankind! Red tide Ronnie is just as bad as Ricky red tide, btw.","4047363814"
"38","@HeraldTribune Bradenton needs to jail those involved of spilling all the sewage into Manatee river.Trying to start Red Tide!Sick people.lock em up!","everyone",FALSE,"1557825800807895041","1764440202372596036","1764440202372596036","en",2024-03-03 23:58:20,NA,"2022-08-11T20:28:23.000Z",FALSE,"FlFen",NA,"Tiny pen",NA,FALSE,"https://pbs.twimg.com/profile_images/1727283045697306624/lex0dOam_normal.jpg","Advanced Conservative!Trump 2024!üá∫üá∏",0,0,0,0,0,2,116,127,933,2,27,"@HeraldTribune Bradenton needs to jail those involved of spilling all the sewage into Manatee river.Trying to start Red Tide!Sick people.lock em up!","6942422"
"39","@Bo_Gardiner @justabluevoter @Acyn I started missing the nature long before I left. Thanks to DeSantis letting Piney Point pour hazardous water straight into the bay for years, red tide made many beaches ruined. Dead fish smell was all there was through Tampa, Clearwater, Sarasota and Bradenton.","everyone",FALSE,"1709988124967739392","1756320038699610346","1756113033506759128","en",2024-02-10 14:11:42,NA,"2023-10-05T17:45:36.000Z",FALSE,"MammoWarrior",NA,"MammoWarrior",NA,FALSE,"https://pbs.twimg.com/profile_images/1715938186122190848/N5Tx26Lb_normal.jpg","",0,1,1,0,0,25,14,23,1004,0,1237,"@Bo_Gardiner @justabluevoter @Acyn I started missing the nature long before I left. Thanks to DeSantis letting Piney Point pour hazardous water straight into the bay for years, red tide made many beaches ruined. Dead fish smell was all there was through Tampa, Clearwater, Sarasota and Bradenton.","1014970967427297280"
"40","RT @MiraclesArt: @DemsKeys be fair- desantis did a LOT for red-tide-

remember when he pumped hundreds of millions of gallons of toxic waste water from the Phosphate plant into the gulf?
. https   www theguardian com us news 2021 apr 04 florida imminent pollution catastrophe phosphate retention pond bradenton piney point desantis","everyone",FALSE,"351856276","1752195172262424788","1752195172262424788","en",2024-01-30 05:00:57,"State of Disbelief","2011-08-09T20:35:49.000Z",FALSE,"Sam_and_the_dog",NA,"Sam says Coup in progress. vaxxed","1243572317080285184",FALSE,"https://pbs.twimg.com/profile_images/1188005748850061312/rhh-O4qK_normal.jpg","When Fascism arrives in America it will be wrapped in a flag & carrying a cross.üåäüêïü¶Ç DOGSü•∞, BLM, LGBTQIA+. DM's = BLOCK. Spoonie, NO FBR LIST #Z2 wtp",5,0,0,0,0,0,13380,14352,293633,18,413627,"RT @MiraclesArt: @DemsKeys be fair- desantis did a LOT for red-tide-

remember when he pumped hundreds of millions of gallons of toxic waste water from the Phosphate plant into the gulf?
https://t.co/Qb7IYjXNKZ",NA
"41","RT @MiraclesArt: @DemsKeys be fair- desantis did a LOT for red-tide-

remember when he pumped hundreds of millions of gallons of toxic waste water from the Phosphate plant into the gulf?
. https   www theguardian com us news 2021 apr 04 florida imminent pollution catastrophe phosphate retention pond bradenton piney point desantis","everyone",FALSE,"4421573199","1752020954996166690","1752020954996166690","en",2024-01-29 17:28:41,NA,"2015-12-09T01:39:23.000Z",FALSE,"McmahonKak94753",NA,"Kelly McMahon‚òÆÔ∏èüíîüüß","1319003088116764673",FALSE,"https://pbs.twimg.com/profile_images/674404115250847745/_s1DepR4_normal.jpg","#wtpBLUE üåäüåäüåä #GOPBetrayedAmerica #SupportRoe #StopBanningBooks #CheckYourValues #ExpandTheCourt",5,0,0,0,0,0,11221,11694,33284,3,318569,"RT @MiraclesArt: @DemsKeys be fair- desantis did a LOT for red-tide-

remember when he pumped hundreds of millions of gallons of toxic waste water from the Phosphate plant into the gulf?
https://t.co/Qb7IYjXNKZ",NA
"42","RT @MiraclesArt: @DemsKeys be fair- desantis did a LOT for red-tide-

remember when he pumped hundreds of millions of gallons of toxic waste water from the Phosphate plant into the gulf?
. https   www theguardian com us news 2021 apr 04 florida imminent pollution catastrophe phosphate retention pond bradenton piney point desantis","everyone",FALSE,"34093672","1752018985489502619","1752018985489502619","en",2024-01-29 17:20:51,"Florida, USA","2009-04-21T23:41:49.000Z",FALSE,"TallyAnnaE",NA,"(((TallyAnnaE))) ‚òÆÔ∏è",NA,FALSE,"https://pbs.twimg.com/profile_images/1590203573148712960/jRdhYIP3_normal.jpg","Florida is where freedom comes to die.
Florida is where democracy dies.
Florida is where bigotry thrives.
https://t.co/9ABLenZSRr
https://t.co/WgXNGD9wLk",5,0,0,0,0,0,5434,5985,756635,10,70495,"RT @MiraclesArt: @DemsKeys be fair- desantis did a LOT for red-tide-

remember when he pumped hundreds of millions of gallons of toxic waste water from the Phosphate plant into the gulf?
https://t.co/Qb7IYjXNKZ",NA
"43","RT @MiraclesArt: @DemsKeys be fair- desantis did a LOT for red-tide-

remember when he pumped hundreds of millions of gallons of toxic waste water from the Phosphate plant into the gulf?
. https   www theguardian com us news 2021 apr 04 florida imminent pollution catastrophe phosphate retention pond bradenton piney point desantis","everyone",FALSE,"1293265839089750023","1752018711853039622","1752018711853039622","en",2024-01-29 17:19:46,"Palm Beach Fl & UES 10028 ","2020-08-11T19:19:51.000Z",FALSE,"ChrisHealth3",NA,"ChrisHealth",NA,FALSE,"https://pbs.twimg.com/profile_images/1296438950098345986/pW20xFYt_normal.jpg","health care administration 24 years - MAGAs go home üåäüåäTruth to Power üåä üåä #Resist - Desantis is killing our State",5,0,0,0,0,0,5038,5270,9839,2,5746,"RT @MiraclesArt: @DemsKeys be fair- desantis did a LOT for red-tide-

remember when he pumped hundreds of millions of gallons of toxic waste water from the Phosphate plant into the gulf?
https://t.co/Qb7IYjXNKZ",NA
"44","@DemsKeys be fair- desantis did a LOT for red-tide-

remember when he pumped hundreds of millions of gallons of toxic waste water from the Phosphate plant into the gulf?
. https   www theguardian com us news 2021 apr 04 florida imminent pollution catastrophe phosphate retention pond bradenton piney point desantis","everyone",FALSE,"24817432","1752018268154466377","1752008776649982327","en",2024-01-29 17:18:00,"Seminole Territory","2009-03-17T01:50:28.000Z",FALSE,"MiraclesArt",NA,"Rose von Perbandt","1589815044099170305",FALSE,"https://pbs.twimg.com/profile_images/1184661745186562049/gBxwdf80_normal.jpg","Lateral thinker",5,1,6,0,0,52,3426,4350,365289,4,503958,"@DemsKeys be fair- desantis did a LOT for red-tide-

remember when he pumped hundreds of millions of gallons of toxic waste water from the Phosphate plant into the gulf?
https://t.co/Qb7IYjXNKZ","1161269334188183553"
"45","@amuse He is my rep. Owned  Ford dealership, lives in a mansion on Longboat Key,son is RICH,long time swamper.  Hurricane Ian he was mia,red tide mia.

He hates us.","everyone",FALSE,"1315719032834850822","1715331444833194390","1715263704760045773","en",2023-10-20 11:37:40,"Florida","2020-10-12T18:20:50.000Z",FALSE,"BobbyMe25857753",NA,"Venice Florida",NA,FALSE,"https://pbs.twimg.com/profile_images/1543950609266638849/QoKSZlhl_normal.jpg","AMERICAN PATRIOT FAMILY SINCE 1690
Florida lover.",0,0,1,0,0,28,303,1013,2664,3,1069,"@amuse He is my rep. Owned  Ford dealership, lives in a mansion on Longboat Key,son is RICH,long time swamper.  Hurricane Ian he was mia,red tide mia.

He hates us.","4239551"
"46","@DC_Draino @VernBuchanan Vern owns a beautiful home on Longboat Key and a car dealership Ford here. His handler Ron Turner was a local swamper and he always gave me the swamp feeling years ago  Stuebe Gruters local reps seem like real guys  His kids are also spoiled  Never saw him after Ian or Red Tideü§°","everyone",FALSE,"1315719032834850822","1715151313061728272","1715145541460357253","en",2023-10-19 23:41:53,"Florida","2020-10-12T18:20:50.000Z",FALSE,"BobbyMe25857753",NA,"Venice Florida",NA,FALSE,"https://pbs.twimg.com/profile_images/1543950609266638849/QoKSZlhl_normal.jpg","AMERICAN PATRIOT FAMILY SINCE 1690
Florida lover.",0,0,0,0,0,4,303,1013,2664,3,1069,"@DC_Draino @VernBuchanan Vern owns a beautiful home on Longboat Key and a car dealership Ford here. His handler Ron Turner was a local swamper and he always gave me the swamp feeling years ago  Stuebe Gruters local reps seem like real guys  His kids are also spoiled  Never saw him after Ian or Red Tideü§°","875856268056969216"
"47","@DeSantisWarRoom I'm done with you. Never again.  Liar who didn't keep his commitments and who's utterly bought off by The Big Developers. Manatee County wetlands evisceration a perfect example. Good luck catching fish when there's no mangroves. Enjoy the red tide from the fertilizers. Duplicity","everyone",FALSE,"1601310670254899200","1695189340488429700","1695153435002221053","en",2023-08-25 21:40:08,NA,"2022-12-09T20:22:56.000Z",FALSE,"hurricanejohne",NA,"John E Ochotnicky",NA,FALSE,"https://pbs.twimg.com/profile_images/1601312285477281794/_mnL77qU_normal.jpg","",0,0,1,0,0,5,50,80,1894,0,NA,"@DeSantisWarRoom I'm done with you. Never again.  Liar who didn't keep his commitments and who's utterly bought off by The Big Developers. Manatee County wetlands evisceration a perfect example. Good luck catching fish when there's no mangroves. Enjoy the red tide from the fertilizers. Duplicity","1558263729913053192"
"48","Hatchery might be part of bigger plan with Manatee County to mitigate red tide -  #GoogleAlerts. https   baynews9 com fl tampa news 2023 08 23 hatchery in manatee might be part of a bigger plan with the county to mitigate red tide","everyone",FALSE,"534263140","1694686111849697354","1694686111849697354","en",2023-08-24 12:20:29,NA,"2012-03-23T12:49:26.000Z",FALSE,"FloridaIssues",NA,"Florida Issues",NA,FALSE,"https://pbs.twimg.com/profile_images/1169906487172333577/HqrgWFkr_normal.jpg","",0,0,0,0,0,17,1048,9,144151,37,NA,"Hatchery might be part of bigger plan with Manatee County to mitigate red tide - https://t.co/I06gHwDmoy #GoogleAlerts",NA
"49","Manatee County and U.S. Rep. Vern Buchanan are partnering with the not for profit All Clams on Deck to mitigate the red tide issue. . https   baynews9 com fl tampa news 2023 08 23 hatchery in manatee might be part of a bigger plan with the county to mitigate red tide","everyone",FALSE,"17308428","1694537518568345938","1694537518568345938","en",2023-08-24 02:30:02,"Tampa Bay area","2008-11-11T12:03:53.000Z",FALSE,"BN9","https://t.co/gwUSHziS5S","Spectrum Bay News 9",NA,FALSE,"https://pbs.twimg.com/profile_images/1630693829987688449/Fit4Xfso_normal.png","Breaking news first in Tampa Bay. Continuous updates and in-depth coverage only @BN9, @BN9weather and @BN9Traffic can provide  |  News. Weather. Now.",1,0,1,0,0,2014,381941,452,151622,1743,NA,"Manatee County and U.S. Rep. Vern Buchanan are partnering with the not for profit All Clams on Deck to mitigate the red tide issue. https://t.co/LmQ1o9sRe6",NA
"50","Terrible loss of wetland protections will lead to flooding &amp; pollute water &amp; fuel Red Tide as #ManateeCounty cedes local control to the State on a 6-1 vote. Only @GWKRuse voted with the science for clean water. @Craigtimes @TBEP1991 @SierraClubFL @tbwaterkeeper . https   twitter com GWKruse status 1692859368679604469","everyone",FALSE,"17563658","1693673002766860467","1693673002766860467","en",2023-08-21 17:14:45,"Tampa Bay area","2008-11-22T21:55:42.000Z",FALSE,"MariellaSmith","https://t.co/x2FLlFaUhD","Mariella Smith",NA,FALSE,"https://pbs.twimg.com/profile_images/947149405664284672/XQXZ4Tdu_normal.jpg","Former Hillsborough County Commissioner, Countywide. Passionate about smart growth management, transportation options, environment, #VisionZero, equity.",0,0,1,0,0,123,1091,1088,1232,27,NA,"Terrible loss of wetland protections will lead to flooding &amp; pollute water &amp; fuel Red Tide as #ManateeCounty cedes local control to the State on a 6-1 vote. Only @GWKRuse voted with the science for clean water. @Craigtimes @TBEP1991 @SierraClubFL @tbwaterkeeper https://t.co/5Iql4zEhIF",NA
