"","text","lang","id","created_at.x","possibly_sensitive","reply_settings","author_id","conversation_id","in_reply_to_user_id","name","username","created_at.y","protected","profile_image_url","verified","description","url","location","public_metrics.x_retweet_count","public_metrics.x_reply_count","public_metrics.x_like_count","public_metrics.x_quote_count","public_metrics.x_bookmark_count","public_metrics.x_impression_count","public_metrics.y_followers_count","public_metrics.y_following_count","public_metrics.y_tweet_count","public_metrics.y_listed_count","text_with_display_links","pinned_tweet_id","reply.to.thread.no.term"
"1","The algae bloom in Lake Manatee has been so high this summer that the tap water in some parts of the county had a musky taste.
 . https   www snntv com story 49520026 tap water taste returns back to normal in manatee county","en","1695293471643295945",2023-08-26 04:33:55,FALSE,"everyone","324496098","1695293471643295945",NA,"SNN","SNNTV","2011-06-26T18:35:28.000Z",FALSE,"https://pbs.twimg.com/profile_images/1694361395318476801/0eTwBgIE_normal.jpg",FALSE,"Your local news leader
News, Weather, & Sports in Sarasota, Manatee, Charlotte and DeSoto counties
Have a news tip? Call (941)361-4600 or email news@snntv.com","https://t.co/EdickMKJ3b","Sarasota, FL",0,0,3,0,0,323,14001,894,56211,211,"The algae bloom in Lake Manatee has been so high this summer that the tap water in some parts of the county had a musky taste.
 https://t.co/jbNIg8tLvs",NA,NA
"2","@DeSantisWarRoom I'm done with you. Never again.  Liar who didn't keep his commitments and who's utterly bought off by The Big Developers. Manatee County wetlands evisceration a perfect example. Good luck catching fish when there's no mangroves. Enjoy the red tide from the fertilizers. Duplicity. ","en","1695189340488429700",2023-08-25 21:40:08,FALSE,"everyone","1601310670254899200","1695153435002221053","1558263729913053192","John E Ochotnicky","hurricanejohne","2022-12-09T20:22:56.000Z",FALSE,"https://pbs.twimg.com/profile_images/1601312285477281794/_mnL77qU_normal.jpg",FALSE,"",NA,NA,0,0,1,0,0,5,50,80,1894,0,"@DeSantisWarRoom I'm done with you. Never again.  Liar who didn't keep his commitments and who's utterly bought off by The Big Developers. Manatee County wetlands evisceration a perfect example. Good luck catching fish when there's no mangroves. Enjoy the red tide from the fertilizers. Duplicity",NA,NA
"3","Manatee County‚Äôs tap water should be back to normal as algae bloom fades, officials say.

Algae Armor is a natural, mineral-based answer to the algae that pollutes our water.


. https   www algaearmor com. https   www bradenton com news local article278529929 html storylink cpy","en","1694713416353792188",2023-08-24 14:08:59,FALSE,"everyone","1556685490987859970","1694713416353792188",NA,"AlgaeArmor","AlgaeArmor","2022-08-08T16:58:05.000Z",FALSE,"https://pbs.twimg.com/profile_images/1556686323280449536/w8SQ6oJv_normal.jpg",FALSE,"Algae Armor is a natural, mineral-based answer to the algae that pollutes our water.","https://t.co/YwGSSupOcd","Minnesota",0,0,0,0,0,2,4,7,125,0,"Manatee County‚Äôs tap water should be back to normal as algae bloom fades, officials say.

Algae Armor is a natural, mineral-based answer to the algae that pollutes our water.
https://t.co/hc7WSAeslw

https://t.co/fUfapJI9nI",NA,NA
"4","Hatchery might be part of bigger plan with Manatee County to mitigate red tide -  #GoogleAlerts. https   baynews9 com fl tampa news 2023 08 23 hatchery in manatee might be part of a bigger plan with the county to mitigate red tide","en","1694686111849697354",2023-08-24 12:20:29,FALSE,"everyone","534263140","1694686111849697354",NA,"Florida Issues","FloridaIssues","2012-03-23T12:49:26.000Z",FALSE,"https://pbs.twimg.com/profile_images/1169906487172333577/HqrgWFkr_normal.jpg",FALSE,"",NA,NA,0,0,0,0,0,17,1048,9,144151,37,"Hatchery might be part of bigger plan with Manatee County to mitigate red tide - https://t.co/I06gHwDmoy #GoogleAlerts",NA,NA
"5","RT @calusawater: Warm water combined with an algal bloom could be behind dead fish in Manatee County . https   wusfnews wusf usf edu environment 2023 08 21 warm water combined with algal bloom could behind dead fish manatee county","en","1694673545865933158",2023-08-24 11:30:33,FALSE,"everyone","11773172","1694673545865933158",NA,"Demon Cat üëπ","Adalis","2008-01-02T21:39:00.000Z",FALSE,"https://pbs.twimg.com/profile_images/1374318781904912385/p1NnFoW6_normal.jpg",FALSE,"Bringer of Hellfire! üòàüî•",NA,"United States",10,0,0,0,0,0,270,2631,29325,13,"RT @calusawater: Warm water combined with an algal bloom could be behind dead fish in Manatee County https://t.co/YlPOM1ymf6",NA,NA
"6","RT @calusawater: Warm water combined with an algal bloom could be behind dead fish in Manatee County . https   wusfnews wusf usf edu environment 2023 08 21 warm water combined with algal bloom could behind dead fish manatee county","en","1694672673614201061",2023-08-24 11:27:05,FALSE,"everyone","466198757","1694672673614201061",NA,"Gemma üåª","OverXposed1","2012-01-17T04:49:29.000Z",FALSE,"https://pbs.twimg.com/profile_images/1685871395174068224/T7dTQmI0_normal.jpg",FALSE,"Beau's human, Meme distributer, Snarky, ally #RESIST #FAFO",NA,"Waffle House",10,0,0,0,0,0,10528,8256,99085,17,"RT @calusawater: Warm water combined with an algal bloom could be behind dead fish in Manatee County https://t.co/YlPOM1ymf6","1577017224908267520",NA
"7","Manatee County and U.S. Rep. Vern Buchanan are partnering with the not for profit All Clams on Deck to mitigate the red tide issue. . https   baynews9 com fl tampa news 2023 08 23 hatchery in manatee might be part of a bigger plan with the county to mitigate red tide","en","1694537518568345938",2023-08-24 02:30:02,FALSE,"everyone","17308428","1694537518568345938",NA,"Spectrum Bay News 9","BN9","2008-11-11T12:03:53.000Z",FALSE,"https://pbs.twimg.com/profile_images/1630693829987688449/Fit4Xfso_normal.png",FALSE,"Breaking news first in Tampa Bay. Continuous updates and in-depth coverage only @BN9, @BN9weather and @BN9Traffic can provide  |  News. Weather. Now.","https://t.co/gwUSHziS5S","Tampa Bay area",1,0,1,0,0,2014,381941,452,151622,1743,"Manatee County and U.S. Rep. Vern Buchanan are partnering with the not for profit All Clams on Deck to mitigate the red tide issue. https://t.co/LmQ1o9sRe6",NA,NA
"8","RT @wusf: High water temperatures and an algal bloom are killing fish in an area located between Anna Maria Island and the city of Bradenton.
. https   wusfnews wusf usf edu environment 2023 08 21 warm water combined with algal bloom could behind dead fish manatee county","en","1694296288190238760",2023-08-23 10:31:28,FALSE,"everyone","750472609024905217","1694296288190238760",NA,"Cathy Carter","CatcartReports","2016-07-05T23:33:07.000Z",FALSE,"https://pbs.twimg.com/profile_images/1000570848133173253/-VtRQOZ1_normal.jpg",FALSE,"WUSF Public Media",NA,"Tampa, FL",5,0,0,0,0,0,312,556,1387,11,"RT @wusf: High water temperatures and an algal bloom are killing fish in an area located between Anna Maria Island and the city of Bradenton.
https://t.co/dD8pkaxwJ9","1235730645185261568",NA
"9","RT @wusf: High water temperatures and an algal bloom are killing fish in an area located between Anna Maria Island and the city of Bradenton.
. https   wusfnews wusf usf edu environment 2023 08 21 warm water combined with algal bloom could behind dead fish manatee county","en","1694015036526567771",2023-08-22 15:53:52,FALSE,"everyone","129615849","1694015036526567771",NA,"Carlos Hernandez (Carlos Eats)","carloseats","2010-04-04T22:17:03.000Z",FALSE,"https://pbs.twimg.com/profile_images/1687346822069587968/j6Dst3kv_normal.jpg",FALSE,"Writer. Opinions are my own. carloshernandesu@gmail.com","https://t.co/PY6jL6b4b8","‚úàÔ∏è",5,0,0,0,0,0,12117,13264,362580,303,"RT @wusf: High water temperatures and an algal bloom are killing fish in an area located between Anna Maria Island and the city of Bradenton.
https://t.co/dD8pkaxwJ9","1694830774241927301",NA
"10","RT @calusawater: Warm water combined with an algal bloom could be behind dead fish in Manatee County . https   wusfnews wusf usf edu environment 2023 08 21 warm water combined with algal bloom could behind dead fish manatee county","en","1694014014181810578",2023-08-22 15:49:48,FALSE,"everyone","565968955","1694014014181810578",NA,"Diane Sheehan","Diane_Sheehan","2012-04-29T04:08:07.000Z",FALSE,"https://pbs.twimg.com/profile_images/1242471425266667520/Uz7F67TR_normal.jpg",FALSE,"#NAACP, #DisabilityRights #LongCovid blocked by Roseanne Barr I block racists/trolls/bots",NA,"Cassandra Land",10,0,0,0,0,0,4630,4565,33428,17,"RT @calusawater: Warm water combined with an algal bloom could be behind dead fish in Manatee County https://t.co/YlPOM1ymf6","1152633312797761536",NA
"11","RT @calusawater: Warm water combined with an algal bloom could be behind dead fish in Manatee County . https   wusfnews wusf usf edu environment 2023 08 21 warm water combined with algal bloom could behind dead fish manatee county","en","1694008182547345598",2023-08-22 15:26:38,FALSE,"everyone","32399655","1694008182547345598",NA,"W·¥∂E·¥ºB·¥±B ‚úåüèº","thewebbix","2009-04-17T13:17:11.000Z",FALSE,"https://pbs.twimg.com/profile_images/2599680382/093D5102-740F-4502-B0C9-2837819E1623_normal",FALSE,"Beach/RV life ‚Ä¢ Hippie ‚Ä¢ Love People ‚Ä¢ Love Music ‚Ä¢ Every day I wake is a good day, no worry if I don‚Äôt. ‚Ä¢ I LIVE BY: It is what it is. ‚Ä¢ View #NewDayNewChance","https://t.co/XiYh9XeOhR","Lakeland, FL",10,0,0,0,0,0,31718,31477,280768,120,"RT @calusawater: Warm water combined with an algal bloom could be behind dead fish in Manatee County https://t.co/YlPOM1ymf6","786636396811415552",NA
"12","RT @calusawater: Warm water combined with an algal bloom could be behind dead fish in Manatee County . https   wusfnews wusf usf edu environment 2023 08 21 warm water combined with algal bloom could behind dead fish manatee county","en","1694007380621599208",2023-08-22 15:23:27,FALSE,"everyone","989525340","1694007380621599208",NA,"Fenton Holland‚òÆÔ∏è lifelong Democrat üá∫üá≤üåäüåäüåä","FentonHolland","2012-12-04T20:35:21.000Z",FALSE,"https://pbs.twimg.com/profile_images/1673126568695066625/2Uz94eFM_normal.jpg",FALSE,"#voteblue #resist # Democrat #votebluenomatterwho
#nevertrumper #bluewave 2024üåäüåä #blacklivesmatterüö´#noDM
I will not message back #IStandWithUkraine #BlueCrew",NA," Jacksonville, Florida",10,0,0,0,0,0,28983,26931,99272,11,"RT @calusawater: Warm water combined with an algal bloom could be behind dead fish in Manatee County https://t.co/YlPOM1ymf6","1557366622351941634",NA
"13","RT @calusawater: Warm water combined with an algal bloom could be behind dead fish in Manatee County . https   wusfnews wusf usf edu environment 2023 08 21 warm water combined with algal bloom could behind dead fish manatee county","en","1694003168902865105",2023-08-22 15:06:43,FALSE,"everyone","33590010","1694003168902865105",NA,"FloridaDem üüß","MarilouGeorge","2009-04-20T17:26:55.000Z",FALSE,"https://pbs.twimg.com/profile_images/1669797035669684224/UF2Ob6qB_normal.jpg",FALSE,"I am a Proud Biden Democrat! No DMs #WokeAF",NA,"Florida",10,0,0,0,0,0,12093,11498,219915,257,"RT @calusawater: Warm water combined with an algal bloom could be behind dead fish in Manatee County https://t.co/YlPOM1ymf6",NA,NA
"14","RT @wusf: High water temperatures and an algal bloom are killing fish in an area located between Anna Maria Island and the city of Bradenton.
. https   wusfnews wusf usf edu environment 2023 08 21 warm water combined with algal bloom could behind dead fish manatee county","en","1693979583257669669",2023-08-22 13:32:59,FALSE,"everyone","730963068","1693979583257669669",NA,"Mark Schreiner","wusfschreiner","2012-08-01T16:09:25.000Z",FALSE,"https://pbs.twimg.com/profile_images/1101507802181365765/dw5MfqNI_normal.jpg",FALSE,"Asst. News Director / Intern Coordinator, WUSF 89.7 FM.
Enjoys wine & a good IPA, good friends and great writing.",NA,"Palm Harbor, FL",5,0,0,0,0,0,1620,2984,22874,58,"RT @wusf: High water temperatures and an algal bloom are killing fish in an area located between Anna Maria Island and the city of Bradenton.
https://t.co/dD8pkaxwJ9",NA,NA
"15","RT @calusawater: Warm water combined with an algal bloom could be behind dead fish in Manatee County . https   wusfnews wusf usf edu environment 2023 08 21 warm water combined with algal bloom could behind dead fish manatee county","en","1693972949252944126",2023-08-22 13:06:38,FALSE,"everyone","1161269334188183553","1693972949252944126",NA,"FloridaKeysDems *Ô∏è‚É£ DemCastFL Lead ‚òÆÔ∏è OVFL","DemsKeys","2019-08-13T13:32:39.000Z",FALSE,"https://pbs.twimg.com/profile_images/1688284284765753345/Bj4fJy5f_normal.jpg",TRUE,"True Blue #OneV1 Z25 #DemCast #NDLB #FL26 blog@keysdems.com https://t.co/T98HbQK4Gd‚Ä¶ https://t.co/AroIFD6RqR","https://t.co/mdvUNArmgu","Key West, Florida",10,0,0,0,0,0,10650,9845,73711,49,"RT @calusawater: Warm water combined with an algal bloom could be behind dead fish in Manatee County https://t.co/YlPOM1ymf6","1592263868281393152",NA
"16","RT @calusawater: Warm water combined with an algal bloom could be behind dead fish in Manatee County . https   wusfnews wusf usf edu environment 2023 08 21 warm water combined with algal bloom could behind dead fish manatee county","en","1693972722693419355",2023-08-22 13:05:44,FALSE,"everyone","3309350937","1693972722693419355",NA,"Sandy #BoycottFlor3 ida #WearAMasküò∑ üåäüåä‚òÄÔ∏èüåªüåäüåä","lifeisgoodform","2015-06-05T15:42:59.000Z",FALSE,"https://pbs.twimg.com/profile_images/1477977221931413512/m6ZcWMGv_normal.jpg",FALSE,"Perma-gardener; organic gardener; tree hugger, apparently a hippie 
#PERSIST 
#BoycottFlorida #VoteBlue
*NO DMs*****NO LISTS!***
List/DM=Block!","https://t.co/8iymzkr6eM","Florida, USA",10,0,0,0,0,0,2384,4970,184368,7,"RT @calusawater: Warm water combined with an algal bloom could be behind dead fish in Manatee County https://t.co/YlPOM1ymf6","1447168863800528897",NA
"17","Warm water combined with an algal bloom could be behind dead fish in Manatee County . https   wusfnews wusf usf edu environment 2023 08 21 warm water combined with algal bloom could behind dead fish manatee county","en","1693969352725303721",2023-08-22 12:52:20,FALSE,"everyone","751811102175064065","1693969352725303721",NA,"Calusa Waterkeeper","calusawater","2016-07-09T16:11:49.000Z",FALSE,"https://pbs.twimg.com/profile_images/1451641664607604739/2ovGtuQJ_normal.jpg",FALSE,"Proud member of Waterkeeper Alliance for #fishable #swimmable #drinkable #cleanwater",NA,"Florida, USA",10,0,6,0,0,257,2373,4942,45377,69,"Warm water combined with an algal bloom could be behind dead fish in Manatee County https://t.co/YlPOM1ymf6","1671205185719349254",NA
"18","RT @wusf: High water temperatures and an algal bloom are killing fish in an area located between Anna Maria Island and the city of Bradenton.
. https   wusfnews wusf usf edu environment 2023 08 21 warm water combined with algal bloom could behind dead fish manatee county","en","1693962734742786402",2023-08-22 12:26:02,FALSE,"everyone","20930240","1693962734742786402",NA,"Donna in Lakeland FL","SouthernJewel","2009-02-15T19:25:19.000Z",FALSE,"https://pbs.twimg.com/profile_images/1581114670429134849/7MII8y25_normal.jpg",FALSE,"üá∫üá¶ üò∑ #StandWithUkraine #NoVid #LoverOfCarbs ‚ÄúMorality in terms of behavior, not in terms of theology‚Äù Frank Zappa",NA,"Lakeland, FL",5,0,0,0,0,0,1533,340,125011,27,"RT @wusf: High water temperatures and an algal bloom are killing fish in an area located between Anna Maria Island and the city of Bradenton.
https://t.co/dD8pkaxwJ9","1633881770528473092",NA
"19","Warm water combined with an algal bloom could be behind dead fish in Manatee County -  #GoogleAlerts. https   wusfnews wusf usf edu environment 2023 08 21 warm water combined with algal bloom could behind dead fish manatee county","en","1693958803119825069",2023-08-22 12:10:25,FALSE,"everyone","534263140","1693958803119825069",NA,"Florida Issues","FloridaIssues","2012-03-23T12:49:26.000Z",FALSE,"https://pbs.twimg.com/profile_images/1169906487172333577/HqrgWFkr_normal.jpg",FALSE,"",NA,NA,0,0,0,0,0,15,1048,9,144151,37,"Warm water combined with an algal bloom could be behind dead fish in Manatee County - https://t.co/taFdXG3ha6 #GoogleAlerts",NA,NA
"20","RT @wusf: High water temperatures and an algal bloom are killing fish in an area located between Anna Maria Island and the city of Bradenton.
. https   wusfnews wusf usf edu environment 2023 08 21 warm water combined with algal bloom could behind dead fish manatee county","en","1693953164402471198",2023-08-22 11:48:01,FALSE,"everyone","377666632","1693953164402471198",NA,"Craig Kopp","radiocraigkopp","2011-09-21T22:53:34.000Z",FALSE,"https://pbs.twimg.com/profile_images/1490711932650889217/kLsdYtt5_normal.jpg",FALSE,"Radio man, Podcast man, Writer man",NA,"Land O Lakes, Florida",5,0,0,0,0,0,942,1504,33222,62,"RT @wusf: High water temperatures and an algal bloom are killing fish in an area located between Anna Maria Island and the city of Bradenton.
https://t.co/dD8pkaxwJ9",NA,NA
"21","High water temperatures and an algal bloom are killing fish in an area located between Anna Maria Island and the city of Bradenton.
. https   wusfnews wusf usf edu environment 2023 08 21 warm water combined with algal bloom could behind dead fish manatee county","en","1693950727922880916",2023-08-22 11:38:20,FALSE,"everyone","17544442","1693950727922880916",NA,"WUSF","wusf","2008-11-21T20:07:08.000Z",FALSE,"https://pbs.twimg.com/profile_images/882569215559028736/RMkZ8wkh_normal.jpg",FALSE,"WUSF Public Media is the Tampa Bay area‚Äôs source for news, in-depth reporting, educational programming, arts, and the finest classical music.","https://t.co/KBo4cZ3VYG","Tampa, FL",5,0,1,0,0,339,14745,2333,39161,480,"High water temperatures and an algal bloom are killing fish in an area located between Anna Maria Island and the city of Bradenton.
https://t.co/dD8pkaxwJ9",NA,NA
"22","RT @FloridaIssues: Warm water combined with an algal bloom could be behind dead fish in Manatee County -  #GoogleAlerts. https   wusfnews wusf usf edu environment 2023 08 21 warm water combined with algal bloom could behind dead fish manatee county","en","1693900525480083635",2023-08-22 08:18:51,FALSE,"everyone","1441758901091794949","1693900525480083635",NA,"TJ in Orlando üè≥Ô∏è‚Äçüåàüåªüêùüåäüìöüêà‚Äç‚¨õ üüß","TJ_Ormseth","2021-09-25T13:38:18.000Z",FALSE,"https://pbs.twimg.com/profile_images/1617627562762461204/jWYMe2A8_normal.jpg",FALSE,"Legal and true crime news geek, focusing on Florida news. Feminist. Happily married. GenX. DV and SA survivor and advocate. Disabled. Love wins. 
No Lists or DM",NA,"Orlando, FL",1,0,0,0,0,0,627,448,32618,0,"RT @FloridaIssues: Warm water combined with an algal bloom could be behind dead fish in Manatee County - https://t.co/Cq5gBY1Mnp #GoogleAlerts",NA,NA
"23","Warm water combined with an algal bloom could be behind dead fish in Manatee County -  #GoogleAlerts. https   wusfnews wusf usf edu environment 2023 08 21 warm water combined with algal bloom could behind dead fish manatee county","en","1693746977685622993",2023-08-21 22:08:42,FALSE,"everyone","534263140","1693746977685622993",NA,"Florida Issues","FloridaIssues","2012-03-23T12:49:26.000Z",FALSE,"https://pbs.twimg.com/profile_images/1169906487172333577/HqrgWFkr_normal.jpg",FALSE,"",NA,NA,1,0,0,0,0,15,1048,9,144151,37,"Warm water combined with an algal bloom could be behind dead fish in Manatee County - https://t.co/Cq5gBY1Mnp #GoogleAlerts",NA,NA
"24","Terrible loss of wetland protections will lead to flooding &amp; pollute water &amp; fuel Red Tide as #ManateeCounty cedes local control to the State on a 6-1 vote. Only @GWKRuse voted with the science for clean water. @Craigtimes @TBEP1991 @SierraClubFL @tbwaterkeeper . https   twitter com GWKruse status 1692859368679604469","en","1693673002766860467",2023-08-21 17:14:45,FALSE,"everyone","17563658","1693673002766860467",NA,"Mariella Smith","MariellaSmith","2008-11-22T21:55:42.000Z",FALSE,"https://pbs.twimg.com/profile_images/947149405664284672/XQXZ4Tdu_normal.jpg",FALSE,"Former Hillsborough County Commissioner, Countywide. Passionate about smart growth management, transportation options, environment, #VisionZero, equity.","https://t.co/x2FLlFaUhD","Tampa Bay area",0,0,1,0,0,123,1091,1088,1232,27,"Terrible loss of wetland protections will lead to flooding &amp; pollute water &amp; fuel Red Tide as #ManateeCounty cedes local control to the State on a 6-1 vote. Only @GWKRuse voted with the science for clean water. @Craigtimes @TBEP1991 @SierraClubFL @tbwaterkeeper https://t.co/5Iql4zEhIF",NA,NA
"25","Are algae impacts on Manatee County's drinking water supply here to stay? What to ... - Newstra -  #GoogleAlerts. https   newstral com en article en 1241957122 are algae impacts on manatee county s drinking water supply here to stay what to know","en","1686477678579265537",2023-08-01 20:43:06,FALSE,"everyone","534263140","1686477678579265537",NA,"Florida Issues","FloridaIssues","2012-03-23T12:49:26.000Z",FALSE,"https://pbs.twimg.com/profile_images/1169906487172333577/HqrgWFkr_normal.jpg",FALSE,"",NA,NA,0,0,0,0,0,14,1041,9,142937,37,"Are algae impacts on Manatee County's drinking water supply here to stay? What to ... - Newstra - https://t.co/qqSn9MFbAw #GoogleAlerts",NA,NA
"26","Who would want to swim in these stagnant waters full of toxic algae? The time to act is now. For our ecosystem, for our Sarasota wildlife, and for our future generations to come.

#RestoreMidnightPass #MidnightPass #Sarasota #Florida #bradenton #srq #siestakey #sarasotaflorida . https   twitter com PassRestoration status 1686473677158625280 photo 1","en","1686473677158625280",2023-08-01 20:27:12,FALSE,"everyone","1628908176882950144","1686473677158625280",NA,"Midnight Pass Restoration","PassRestoration","2023-02-24T00:02:44.000Z",FALSE,"https://pbs.twimg.com/profile_images/1633115429764755459/q_WhqL2o_normal.jpg",FALSE,"It‚Äôs time to bring the natural beauty of Little Sarasota Bay back to life.
It‚Äôs time to Open Midnight Pass. üôå","https://t.co/mqSy7VonEU","Sarasota, FL",0,0,0,0,0,7,6,1,58,0,"Who would want to swim in these stagnant waters full of toxic algae? The time to act is now. For our ecosystem, for our Sarasota wildlife, and for our future generations to come.

#RestoreMidnightPass #MidnightPass #Sarasota #Florida #bradenton #srq #siestakey #sarasotaflorida https://t.co/req96wfeag",NA,NA
"27","RT @jajones1: Are algae impacts on Manatee County‚Äôs drinking water supply here to stay? What¬†to know | @RBallogg 
. https   www bradenton com news local article277672863 html","en","1686378820658728965",2023-08-01 14:10:16,FALSE,"everyone","2351280776","1686378820658728965",NA,"Ryan Ballogg","RBallogg","2014-02-19T07:14:34.000Z",FALSE,"https://pbs.twimg.com/profile_images/1247156445260505088/S21JXarc_normal.jpg",FALSE,"writing || curating the curious || news reporter and feature writer @BradentonHerald || Tips: rballogg@bradenton.com","https://t.co/Xbnfh9bNI5","Florida, USA",1,0,0,0,0,0,406,614,1947,15,"RT @jajones1: Are algae impacts on Manatee County‚Äôs drinking water supply here to stay? What¬†to know | @RBallogg 
https://t.co/A8fh6sdHwN",NA,NA
"28","Are algae impacts on Manatee County‚Äôs drinking water supply here to stay? What¬†to know | @RBallogg 
. https   www bradenton com news local article277672863 html","en","1686343182676836352",2023-08-01 11:48:40,FALSE,"everyone","23639653","1686343182676836352",NA,"James A. Jones Jr.","jajones1","2009-03-10T19:38:12.000Z",FALSE,"https://pbs.twimg.com/profile_images/1684691117831344129/3XQvfWEr_normal.jpg",FALSE,"Reporter @bradentonherald. Past: US Army Vietnam War vet, @USouthFlorida grad, New Smyrna Beach Observer, Clewiston News. Grad of St. Augustine High School.","https://t.co/it3w4zKjvp","Bradenton, Fla.",1,0,1,0,0,44,2197,672,16814,64,"Are algae impacts on Manatee County‚Äôs drinking water supply here to stay? What¬†to know | @RBallogg 
https://t.co/A8fh6sdHwN","1676553959085842433",NA
"29","Are algae toxins in Manatee County's drinking water supply? - Bradenton Herald -  #GoogleAlerts. https   www bradenton com news local article277672863 html","en","1686334730126430209",2023-08-01 11:15:04,FALSE,"everyone","534263140","1686334730126430209",NA,"Florida Issues","FloridaIssues","2012-03-23T12:49:26.000Z",FALSE,"https://pbs.twimg.com/profile_images/1169906487172333577/HqrgWFkr_normal.jpg",FALSE,"",NA,NA,0,0,0,0,0,19,1041,9,142937,37,"Are algae toxins in Manatee County's drinking water supply? - Bradenton Herald - https://t.co/qMlY8gGkfo #GoogleAlerts",NA,NA
"30","Are algae impacts on Manatee County‚Äôs drinking water supply here to stay? What¬†to know . https   www bradenton com news local article277672863 html","en","1686330153096323072",2023-08-01 10:56:53,FALSE,"everyone","17387589","1686330153096323072",NA,"Vann Schaffner","vannschaffner","2008-11-14T13:58:52.000Z",FALSE,"https://pbs.twimg.com/profile_images/1682939684492816385/PhgSIYXJ_normal.jpg",TRUE,"#TCOT/Pathologist/Navy Medicine 1984-1992 This account represents only myself, no employer or org. No medical advice.",NA,"FL more than NM",0,0,0,0,0,37,12775,13921,324594,344,"Are algae impacts on Manatee County‚Äôs drinking water supply here to stay? What¬†to know https://t.co/eVYNA7H7Sc",NA,NA
"31","@ABC . https   www mysuncoast com 2023 07 19 manatee county algal bloom affecting tasteodor water","qme","1682718661021147136",2023-07-22 11:46:06,FALSE,"everyone","112086946","1682718661021147136","28785486","SARASOTA GUNNER","MichaelBMagan","2010-02-07T06:40:08.000Z",FALSE,"https://pbs.twimg.com/profile_images/1659913154707480576/YlX6u_d1_normal.jpg",FALSE,"GO GUNNERS ! GO JAGS ! GO BOLTS !",NA,"Florida, USA",0,0,0,0,0,6,21,236,2632,0,"@ABC https://t.co/qR4bUYfQqC",NA,FALSE
"32","Red Tide Status Update - Bradenton Times #algae . https   thebradentontimes com red tide status update p26589 158 htm","en","1682097170751668225",2023-07-20 18:36:32,FALSE,"everyone","1419475371897069573","1682097170751668225",NA,"AlgaSci","AlgaSci","2021-07-26T01:52:06.000Z",FALSE,"https://pbs.twimg.com/profile_images/1419476813529690115/_xQih6_2_normal.jpg",FALSE,"Combating Algae Blooms worldwide.","https://t.co/4OYWm2rRCN","Paoli, Pa",0,0,0,0,0,6,71,41,6936,0,"Red Tide Status Update - Bradenton Times #algae https://t.co/AcVDkueR6m",NA,FALSE
"33","RT @SNNTV: Over the past few weeks, Lake Manatee has been experiencing blooms of blue-green algae that have caused some of the county's drinking water to have a musky taste.

. https   www snntv com story 49217700 with algae bloom is manatee county water safe to drink","en","1681997926921379840",2023-07-20 12:02:10,FALSE,"everyone","107786881","1681997926921379840",NA,"Mark Aziz","birdtrees","2010-01-23T18:48:16.000Z",FALSE,"https://pbs.twimg.com/profile_images/1013353622816600064/KAtny7Hm_normal.jpg",FALSE,"You've been chosen as an extra in the movie adaptation of the sequel to your life... #VisionaryArt #InspirationalQuotes #Anarchist #Dissent #Activism",NA,"Sarasota, FL",1,0,0,0,0,0,1901,1832,359134,21,"RT @SNNTV: Over the past few weeks, Lake Manatee has been experiencing blooms of blue-green algae that have caused some of the county's drinking water to have a musky taste.

https://t.co/4ShYcsYTmQ","1028393579847327744",FALSE
"34","Algae bloom to blame for strange smelling tap water in Manatee County

 . https   thesuncoastnews com 2023 07 algae bloom to blame for strange smelling tap water in manatee county. https   twitter com TheSuncoastNews status 1681925501445611520 photo 1","en","1681925501445611520",2023-07-20 07:14:22,FALSE,"everyone","747552338","1681925501445611520",NA,"Francesco Abbruzzino - The Scoop","TheSuncoastNews","2012-08-09T16:54:44.000Z",FALSE,"https://pbs.twimg.com/profile_images/1199787023508365318/sFxlsK-T_normal.jpg",FALSE,"Covering local Suncoast news and some national news. Alumna @UofMaryland, Vet @DepNavy. Bringing back Truth In Media!","https://t.co/ZhRKxESlva","Sarasota, Florida",0,0,0,0,0,17,1106,345,155418,54,"Algae bloom to blame for strange smelling tap water in Manatee County

https://t.co/mbe7TnnnW0 https://t.co/KIxTNYPyGH",NA,FALSE
"35","Over the past few weeks, Lake Manatee has been experiencing blooms of blue-green algae that have caused some of the county's drinking water to have a musky taste.

. https   www snntv com story 49217700 with algae bloom is manatee county water safe to drink","en","1681853955448397824",2023-07-20 02:30:04,FALSE,"everyone","324496098","1681853955448397824",NA,"SNN","SNNTV","2011-06-26T18:35:28.000Z",FALSE,"https://pbs.twimg.com/profile_images/1438922910891057153/5ja7SLWj_normal.jpg",FALSE,"Your local news leader
News, Weather, & Sports in Sarasota, Manatee, Charlotte and DeSoto counties
Have a news tip? Call (941)361-4600 or email news@snntv.com","https://t.co/4u07GjR48n","Sarasota, FL",1,0,2,1,0,358,13945,895,55834,207,"Over the past few weeks, Lake Manatee has been experiencing blooms of blue-green algae that have caused some of the county's drinking water to have a musky taste.

https://t.co/4ShYcsYTmQ",NA,FALSE
"36","@mysuncoast I thought it was a dark lager they were serving https://t.co/7gtKdUlzQo","en","1681695711979511808",2023-07-19 16:01:16,FALSE,"everyone","2964744772","1681680453101551617","9581122","@EC i block all twits ads","Cam1Eddie","2015-01-06T18:40:02.000Z",FALSE,"https://pbs.twimg.com/profile_images/1679116196040306693/7uARa6wM_normal.jpg",FALSE,"",NA,"Florida, USA",0,0,0,0,0,9,1663,1017,28397,9,NA,"989355630623371264",TRUE
"37","‚ò†üò£üò¶‚ò†üò£üò¶Check out this story from Herald-Tribune: Manatee County assures musty tasting drinking water is safe to consume

Officials blame an algal bloom in Lake Manatee.

. https   www heraldtribune com story news local manatee 2023 07 19 manatee county assures musty tasting drinking water is safe to consume 70430183007","en","1681692733809778689",2023-07-19 15:49:26,FALSE,"everyone","1400552659","1681692733809778689",NA,"Miguelito Loveless","DrLiebknicht","2013-05-03T19:29:09.000Z",FALSE,"https://pbs.twimg.com/profile_images/454265596046106625/5x1Bou0U_normal.jpeg",FALSE,"Brilliant mad scientist, philosopher, mischief-maker, citizen. Never turn your back on a Republican. #MaskUp #Resist #BidenHarrisToSaveAmerica","https://t.co/HVDk6dhJGP","The Wild Wild West & Beyond!",0,0,0,0,0,3,2522,4998,113331,20,"‚ò†üò£üò¶‚ò†üò£üò¶Check out this story from Herald-Tribune: Manatee County assures musty tasting drinking water is safe to consume

Officials blame an algal bloom in Lake Manatee.

https://t.co/4tWpyVqyPz","1338145820768673793",FALSE
"38","Manatee County residents? Have you been affected by odd tasting water? Let us know! . https   www mysuncoast com 2023 07 19 manatee county algal bloom affecting tasteodor water","en","1681680453101551617",2023-07-19 15:00:38,FALSE,"everyone","9581122","1681680453101551617",NA,"ABC7 Sarasota","mysuncoast","2007-10-21T15:57:27.000Z",FALSE,"https://pbs.twimg.com/profile_images/1012040604619034624/Rcn4ySrr_normal.jpg",FALSE,"ABC7 is the news leader in Sarasota/Manatee counties. News tip? 941-923-6397 or news@mysuncoast.com. Share pics/vids with us thru https://t.co/w4B9r5SLV1","http://t.co/nQUeAxZ5Ke","Sarasota, Florida",0,1,2,1,0,688,68014,845,94688,691,"Manatee County residents? Have you been affected by odd tasting water? Let us know! https://t.co/dms9LJxiXz",NA,FALSE
