"","text","author_id","possibly_sensitive","created_at.x","id","conversation_id","reply_settings","lang","in_reply_to_user_id","url","created_at.y","profile_image_url","description","username","location","verified","protected","name","pinned_tweet_id","public_metrics.x_retweet_count","public_metrics.x_reply_count","public_metrics.x_like_count","public_metrics.x_quote_count","public_metrics.x_bookmark_count","public_metrics.x_impression_count","public_metrics.y_followers_count","public_metrics.y_following_count","public_metrics.y_tweet_count","public_metrics.y_listed_count","public_metrics.y_like_count","public_metrics.y_media_count","text_with_display_links","reply.to.thread.no.term","geo_place_id"
"1","Red tide may ruin your day at the beach in Southwest #Florida. Red tide can cause breathing difficulty in people and pets.
#PoisonedPlanet  Help 1-800-222-1222.
. https   www jacksonville com story news 2025 01 02 red tide florida beach fort myers naples st petersburg sarasota 77396948007","236390420",FALSE,2025-01-04 17:01:00,"1875588251718717644","1875588251718717644","everyone","en",NA,"https://t.co/JPynmUPoh3","2011-01-10T13:44:51.000Z","https://pbs.twimg.com/profile_images/798194714281316352/nEcHrPCl_normal.jpg","Florida's Poison Control Centers provide free, confidential help with poisoning emergencies 24/7/365 @ 1-800-222-1222. RTs/follows/favorites ‚â† endorsement","FloridaPoison","Florida, USA",FALSE,FALSE,"FL Poison Control",NA,0,0,0,0,0,24,1161,427,10962,21,2596,5102,"Red tide may ruin your day at the beach in Southwest #Florida. Red tide can cause breathing difficulty in people and pets.
#PoisonedPlanet  Help 1-800-222-1222.
https://t.co/r43dV5JubN",FALSE,NA
"2","For wanting to end their winter break with a Florida beach day, make sure there isn't an unexpected visitor. Check reports of red tide as of Jan. 2 . https   www floridatoday com story news 2025 01 02 red tide florida beach fort myers naples st petersburg sarasota 77396948007","17001533",FALSE,2025-01-03 08:30:07,"1875097294942429387","1875097294942429387","everyone","en",NA,"https://t.co/uTd3VP4LaM","2008-10-27T16:31:31.000Z","https://pbs.twimg.com/profile_images/923597301771374592/MkVOpCM2_normal.jpg","Latest news & interesting stories from Florida's Space Coast. FLORIDA TODAY, part of the USA TODAY Network. Send news tips to breakingnews@floridatoday.com","Florida_Today","Melbourne, Fla.",FALSE,FALSE,"Florida Today",NA,0,0,1,0,0,303,80246,648,122063,1035,9748,16798,"For wanting to end their winter break with a Florida beach day, make sure there isn't an unexpected visitor. Check reports of red tide as of Jan. 2 https://t.co/5BT6kA99EU",FALSE,NA
"3","Is there red tide on Florida beaches right now? What to know before heading out on first beach days of 2025 . https   www palmbeachdailynews com story news 2025 01 02 red tide florida beach fort myers naples st petersburg sarasota 77396948007","27041654",FALSE,2025-01-03 07:00:02,"1875074626981658904","1875074626981658904","everyone","en",NA,"http://t.co/A6qAYzyuWA","2009-03-27T16:41:26.000Z","https://pbs.twimg.com/profile_images/378800000837695227/a0e7c53f1ec54cf585630c8201116337_normal.png","Palm Beach Daily News, affectionately known as The #ShinySheet, has been the leader in covering #PalmBeach news, society, fashion & arts since 1897.","ShinySheet","Palm Beach, FL",FALSE,FALSE,"Palm Beach Daily News",NA,0,0,0,0,0,110,12893,1273,52167,314,902,5073,"Is there red tide on Florida beaches right now? What to know before heading out on first beach days of 2025 https://t.co/clTyA0vkFE",FALSE,NA
"4","For wanting to end their winter break with a Florida beach day, make sure there isn't an unexpected visitor. Check reports of red tide as of Jan. 2 . https   www tcpalm com story news 2025 01 02 red tide florida beach fort myers naples st petersburg sarasota 77396948007","18457416",FALSE,2025-01-03 06:30:12,"1875067116111442431","1875067116111442431","everyone","en",NA,"https://t.co/M45CXf51Sd","2008-12-29T19:45:51.000Z","https://pbs.twimg.com/profile_images/958812904513417216/CViyCam7_normal.jpg","Breaking news and the latest from #TCPalmFuture, #IndianRiverLagoon, #TCElections and more.

https://t.co/L90Gj6TQVX | Treasure Coast Newspapers","TCPalm","Treasure Coast, Florida",FALSE,FALSE,"TCPalm",NA,0,0,0,0,0,239,61160,638,164074,446,6087,33018,"For wanting to end their winter break with a Florida beach day, make sure there isn't an unexpected visitor. Check reports of red tide as of Jan. 2 https://t.co/dDmHHRrUxx",FALSE,NA
"5","For wanting to end their winter break with a Florida beach day, make sure there isn't an unexpected visitor. Check reports of red tide as of Jan. 2 . https   www pnj com story news 2025 01 02 red tide florida beach fort myers naples st petersburg sarasota 77396948007","14834379",FALSE,2025-01-03 06:30:09,"1875067103973085519","1875067103973085519","everyone","en",NA,"http://t.co/Ox5ghFCi73","2008-05-19T16:12:21.000Z","https://pbs.twimg.com/profile_images/941308477024202754/JaBhbs21_normal.jpg","Pensacola News Journal","pnj","Pensacola, FL",FALSE,FALSE,"PNJ",NA,0,0,0,0,0,249,57357,1218,120793,500,762,8975,"For wanting to end their winter break with a Florida beach day, make sure there isn't an unexpected visitor. Check reports of red tide as of Jan. 2 https://t.co/cvcjY7g8xn",FALSE,NA
"6","For wanting to end their winter break with a Florida beach day, make sure there isn't an unexpected visitor. Check reports of red tide as of Jan. 2 . https   www news journalonline com story news 2025 01 02 red tide florida beach fort myers naples st petersburg sarasota 77396948007","11054902",FALSE,2025-01-03 04:30:12,"1875036916787077552","1875036916787077552","everyone","en",NA,"http://t.co/QYPFtnUgPV","2007-12-11T16:53:30.000Z","https://pbs.twimg.com/profile_images/767797412362608640/Gjavh_H7_normal.jpg","The Daytona Beach News-Journal is the local newspaper for Volusia and Flagler counties with news about local happenings, entertainment, sports, NASCAR and more.","dbnewsjournal","Daytona Beach, FL",FALSE,FALSE,"Daytona Beach News-Journal",NA,0,0,0,0,0,211,19537,286,142557,499,303,20975,"For wanting to end their winter break with a Florida beach day, make sure there isn't an unexpected visitor. Check reports of red tide as of Jan. 2 https://t.co/LCr0TOfBdX",FALSE,NA
"7","Is there red tide on Florida beaches right now? What to know before heading out on first beach days of 2025 . https   www staugustine com story news 2025 01 02 red tide florida beach fort myers naples st petersburg sarasota 77396948007","46375072",FALSE,2025-01-03 03:30:06,"1875021793901138362","1875021793901138362","everyone","en",NA,"https://t.co/X57mrzlUbW","2009-06-11T12:24:44.000Z","https://pbs.twimg.com/profile_images/304629669/recordr_normal.jpg","St. Augustine and St. Johns County news from The St. Augustine Record","staugrecord","St. Augustine, Fla.",FALSE,FALSE,"St. Augustine Record",NA,0,0,0,0,0,164,11984,425,45364,286,433,5820,"Is there red tide on Florida beaches right now? What to know before heading out on first beach days of 2025 https://t.co/gAooExSFIL",FALSE,NA
"8","Is there red tide on Florida beaches right now? What to know before heading out on first beach days of 2025 . https   www news press com story news 2025 01 02 red tide florida beach fort myers naples st petersburg sarasota 77396948007","14089276",FALSE,2025-01-03 01:00:10,"1874984062500176314","1874984062500176314","everyone","en",NA,"https://t.co/XiM12tGboe","2008-03-06T15:44:28.000Z","https://pbs.twimg.com/profile_images/922852221376659458/R2leuYRD_normal.jpg","Reporting the news of Fort Myers, Cape Coral + SW Florida since 1884. @USATODAY Network. Breaking news, things to do, investigations, food, arts, nature + more.","TheNewsPress","Fort Myers, Florida",FALSE,FALSE,"The News-Press",NA,0,0,0,0,0,552,93693,1084,178657,750,1587,40702,"Is there red tide on Florida beaches right now? What to know before heading out on first beach days of 2025 https://t.co/qFh0plQ8eF",FALSE,NA
"9","For wanting to end their winter break with a Florida beach day, make sure there isn't an unexpected visitor. Check reports of red tide as of Jan. 2 . https   www jacksonville com story news 2025 01 02 red tide florida beach fort myers naples st petersburg sarasota 77396948007","15572679",FALSE,2025-01-02 21:01:06,"1874923897407029469","1874923897407029469","everyone","en",NA,"https://t.co/klL8bWODTR","2008-07-23T21:30:49.000Z","https://pbs.twimg.com/profile_images/727836039935451136/87BClCaK_normal.jpg","Sharing the latest news and information from The Florida Times-Union and https://t.co/KGFlby7PeC. Follow @LOCALiQJax for media and marketing solutions.","jaxdotcom","Jacksonville, FL",FALSE,FALSE,"Florida Times-Union",NA,0,0,0,0,0,472,84880,2271,143894,1032,1025,24816,"For wanting to end their winter break with a Florida beach day, make sure there isn't an unexpected visitor. Check reports of red tide as of Jan. 2 https://t.co/UtHm5MwMFh",FALSE,NA
"10","This research could guide water management strategies to assess the effectiveness of pollution reduction projects...



Pie-Sun: : local St. Pete-Clearwater news
#PIESun. https   pie sun com 2025 01 02 lake okeechobee releases can prolong red tide outbreaks in sarasota study finds","1839381876211113984",FALSE,2025-01-02 20:02:00,"1874909026871279731","1874909026871279731","everyone","en",NA,"https://t.co/5lLoq2abmx","2024-09-26T19:10:16.000Z","https://pbs.twimg.com/profile_images/1839382051910520832/-AsxpgmZ_normal.jpg","Local St. Pete-Clearwater, Florida News, Events, and Destinations","ThePIESun","St. Petersburg, Florida",FALSE,FALSE,"St. Pete-Clearwater Sun",NA,0,0,0,0,0,5,6,39,598,0,16,16,"This research could guide water management strategies to assess the effectiveness of pollution reduction projects...

https://t.co/4W1lvOeZrB

Pie-Sun: : local St. Pete-Clearwater news
#PIESun",FALSE,NA
"11","For wanting to end their winter break with a Florida beach day, make sure there isn't an unexpected visitor. Check reports of red tide as of Jan. 2 . https   www theledger com story news 2025 01 02 red tide florida beach fort myers naples st petersburg sarasota 77396948007","16233017",FALSE,2025-01-02 19:30:19,"1874901052681490735","1874901052681490735","everyone","en",NA,"http://t.co/dCbVmgyoJS","2008-09-11T02:58:58.000Z","https://pbs.twimg.com/profile_images/539512440195534848/8ey7ICiu_normal.jpeg","The Ledger family of publications is your indispensable source of news and information about Central Florida's Polk County. Mobile: http://t.co/bJ29tYtvwI","theledger","Lakeland, FL",FALSE,FALSE,"The Ledger",NA,0,0,0,0,0,141,12588,432,116384,342,2563,10009,"For wanting to end their winter break with a Florida beach day, make sure there isn't an unexpected visitor. Check reports of red tide as of Jan. 2 https://t.co/VGyoR86QKx",FALSE,NA
"12","For wanting to end their winter break with a Florida beach day, make sure there isn't an unexpected visitor. Check reports of red tide as of Jan. 2 . https   www ocala com story news 2025 01 02 red tide florida beach fort myers naples st petersburg sarasota 77396948007","36948979",FALSE,2025-01-02 19:00:17,"1874893494289883156","1874893494289883156","everyone","en",NA,"http://t.co/MO6GF9lzls","2009-05-01T14:07:26.000Z","https://pbs.twimg.com/profile_images/759083317262217217/zu-NjjfJ_normal.jpg","http://t.co/Ksx8HD1k8k provides news and entertainment information focused on communities in and around Marion County.","OcalaStarBanner","Ocala, FL",FALSE,FALSE,"Ocala StarBanner",NA,0,0,0,0,0,106,10038,1685,63218,238,48,4570,"For wanting to end their winter break with a Florida beach day, make sure there isn't an unexpected visitor. Check reports of red tide as of Jan. 2 https://t.co/M1ts3dx3w4",FALSE,NA
"13","Is there red tide on Florida beaches right now? What to know before heading out on first beach days of 2025 . https   www newsherald com story news 2025 01 02 red tide florida beach fort myers naples st petersburg sarasota 77396948007","16636924",FALSE,2025-01-02 18:30:15,"1874885937299067386","1874885937299067386","everyone","en",NA,"https://t.co/q7R2h38cqi","2008-10-07T20:59:42.000Z","https://pbs.twimg.com/profile_images/1678246374/TWITTER_LOGO_normal.jpg","The Panama City News Herald, serving #Florida's Panhandle daily, email: pcnhnews@pcnh.com #PanamaCityBeach #PanamaCity #BayCounty","The_News_Herald","Panama City, Florida",FALSE,FALSE,"The News Herald",NA,0,0,0,0,0,136,14413,675,112129,352,7702,4608,"Is there red tide on Florida beaches right now? What to know before heading out on first beach days of 2025 https://t.co/YVZucDyZJK",FALSE,NA
"14","For wanting to end their winter break with a Florida beach day, make sure there isn't an unexpected visitor. Check reports of red tide as of Jan. 2 . https   www heraldtribune com story news 2025 01 02 red tide florida beach fort myers naples st petersburg sarasota 77396948007","6942422",FALSE,2025-01-02 17:30:18,"1874870849171247391","1874870849171247391","everyone","en",NA,"https://t.co/W5oFw0FxIi","2007-06-19T21:13:46.000Z","https://pbs.twimg.com/profile_images/1369704378400186370/IVjDQiBD_normal.png","The Sarasota Herald-Tribune is Southwest Florida's source for news, commentary and more.","HeraldTribune","Sarasota, Florida",FALSE,FALSE,"Sarasota Herald-Tribune",NA,0,0,0,0,0,376,66709,799,131765,916,1944,8178,"For wanting to end their winter break with a Florida beach day, make sure there isn't an unexpected visitor. Check reports of red tide as of Jan. 2 https://t.co/jf3Zn5Nm4U",FALSE,NA
"15","For wanting to end their winter break with a Florida beach day, make sure there isn't an unexpected visitor. Check reports of red tide as of Jan. 2 . https   www gainesville com story news 2025 01 02 red tide florida beach fort myers naples st petersburg sarasota 77396948007","16297945",FALSE,2025-01-02 17:30:16,"1874870839172018249","1874870839172018249","everyone","en",NA,"http://t.co/RnyD7QP3zq","2008-09-15T16:47:02.000Z","https://pbs.twimg.com/profile_images/61920116/Sun-MedallionFORWEB_normal.jpg","News and entertainment information leader focused on communities in and around Alachua County.","GainesvilleSun","Gainesville, FL",FALSE,FALSE,"GainesvilleSun",NA,0,0,0,0,0,346,39398,1332,65446,561,232,4580,"For wanting to end their winter break with a Florida beach day, make sure there isn't an unexpected visitor. Check reports of red tide as of Jan. 2 https://t.co/uXepQav2Gy",FALSE,NA
"16","Is there red tide on Florida beaches right now? What to know before heading out on first beach days of 2025 . https   www nwfdailynews com story news 2025 01 02 red tide florida beach fort myers naples st petersburg sarasota 77396948007","8795782",FALSE,2025-01-02 17:30:07,"1874870802169958473","1874870802169958473","everyone","en",NA,"http://t.co/S4EeTshEDi","2007-09-10T21:42:23.000Z","https://pbs.twimg.com/profile_images/1032054173385285634/E0JgUiBp_normal.jpg","News and updates from the Northwest Florida Daily News","nwfdailynews","Fort Walton Beach, FL",FALSE,FALSE,"nwfdailynews",NA,0,0,0,0,0,232,33092,22447,87905,413,1731,6429,"Is there red tide on Florida beaches right now? What to know before heading out on first beach days of 2025 https://t.co/HyP5RowfNP",FALSE,NA
"17","RT @ndn: Is there red tide on Florida beaches right now? What to know before heading out on first beach days of 2025 . https   www naplesnews com story news 2025 01 02 red tide florida beach fort myers naples st petersburg sarasota 77396948007","2823328058",FALSE,2025-01-02 17:08:50,"1874865447511982306","1874865447511982306","everyone","en",NA,"https://t.co/Fj7NoAkeWM","2014-09-21T03:46:14.000Z","https://pbs.twimg.com/profile_images/1663616426236694536/DOfUXAtm_normal.jpg","Announcement: üåø
Florida Right to Clean Water Initiative 2026   Vote Green Florida's future depends on clean water","GreenPartyFL","Florida",FALSE,FALSE,"Green Party of FL üåª","1812545715065041274",1,0,0,0,0,0,3725,3612,16810,68,11024,347,"RT @ndn: Is there red tide on Florida beaches right now? What to know before heading out on first beach days of 2025 https://t.co/URYDFkhMwT",FALSE,NA
"18","RedTide Rick Scott will just ignore it .Is there red tide on Florida beaches right now? What to know before heading out on first beach days of 2025  via @pbpost. https   www palmbeachpost com story news 2025 01 02 red tide florida beach fort myers naples st petersburg sarasota 77396948007","35729673",FALSE,2025-01-02 16:40:22,"1874858283754008642","1874858283754008642","everyone","en",NA,NA,"2009-04-27T12:31:48.000Z","https://pbs.twimg.com/profile_images/1198115849141411841/OqP6W3oA_normal.jpg","Adopt don't shop
Here comes hurricane season, plan ahead","rleas","florida",FALSE,FALSE,"Save Democracy",NA,0,0,1,0,0,16,4426,4864,710167,130,648533,1059,"RedTide Rick Scott will just ignore it .Is there red tide on Florida beaches right now? What to know before heading out on first beach days of 2025 https://t.co/6HyqNvOydT via @pbpost",FALSE,NA
"19","Is there red tide on Florida beaches right now? What to know before heading out on first beach days of 2025 . https   www naplesnews com story news 2025 01 02 red tide florida beach fort myers naples st petersburg sarasota 77396948007","10424112",FALSE,2025-01-02 16:00:05,"1874848144984269030","1874848144984269030","everyone","en",NA,"https://t.co/J9zstVEBIO","2007-11-20T21:26:19.000Z","https://pbs.twimg.com/profile_images/922869458116411397/pXsG34xe_normal.jpg","Breaking news, weather and sports from the newspaper of record in Naples, Florida. Part of the USA TODAY NETWORK. Email us at news@naplesnews.com.","ndn","Naples, Florida",FALSE,FALSE,"Naples Daily News",NA,1,0,2,0,0,620,90925,2091,188980,863,1880,38129,"Is there red tide on Florida beaches right now? What to know before heading out on first beach days of 2025 https://t.co/URYDFkhMwT",FALSE,NA
"20","@StaceBenu This is so insane, ya know?","1798431792321425408",FALSE,2025-01-02 01:58:48,"1874636427511894416","1874228073098571825","everyone","en","1585970354325004288",NA,"2024-06-05T19:09:25.000Z","https://pbs.twimg.com/profile_images/1798567830679629824/x4RVZyb4_normal.jpg","God fearing, fun loving country boy that loves America our constitution my family and die hard Trump supporter.","JoshBilyeu74","McMinnville, TN",FALSE,FALSE,"Joshua",NA,0,0,0,0,0,1,1249,2145,4428,0,6428,8,NA,TRUE,NA
"21","RT @StaceBenu: St. Pete Beach 12/31/24 5:53 pm EST 
Smells like Red Tide IYKYK . https   x com StaceBenu status 1874228073098571825 photo 1","1798431792321425408",FALSE,2025-01-02 01:58:23,"1874636324587831477","1874636324587831477","everyone","sv",NA,NA,"2024-06-05T19:09:25.000Z","https://pbs.twimg.com/profile_images/1798567830679629824/x4RVZyb4_normal.jpg","God fearing, fun loving country boy that loves America our constitution my family and die hard Trump supporter.","JoshBilyeu74","McMinnville, TN",FALSE,FALSE,"Joshua",NA,1,0,0,0,0,0,1249,2145,4428,0,6428,8,"RT @StaceBenu: St. Pete Beach 12/31/24 5:53 pm EST 
Smells like Red Tide IYKYK https://t.co/gdIJUnxVaq",FALSE,NA
"22","@LolaMenee Does the fog there have a smell? 
By the beach it has a chemical and slight red tide smell. St. Pete Beach, FL . https   x com StaceBenu status 1874477197173592410 photo 1","1585970354325004288",FALSE,2025-01-01 15:26:04,"1874477197173592410","1873886688935907448","everyone","en","1564207078729818112",NA,"2022-10-28T12:23:01.000Z","https://pbs.twimg.com/profile_images/1852104542399107073/jinxCjp0_normal.jpg","We need President Trump NOW more than EVER!  ‚ù§Ô∏èüá∫üá∏‚ù§Ô∏è #MAGA2024   üá∫üá∏Trump/Vance/Kennedy üá∫üá∏#FreeStateOfFlorida","StaceBenu","Tampa, FL",FALSE,FALSE,"Stace Benu",NA,0,1,1,0,0,99,7553,7823,2746,0,88990,315,"@LolaMenee Does the fog there have a smell? 
By the beach it has a chemical and slight red tide smell. St. Pete Beach, FL https://t.co/wX9TcER18t",FALSE,NA
"23","St. Pete Beach 12/31/24 5:53 pm EST 
Smells like Red Tide IYKYK . https   x com StaceBenu status 1874228073098571825 photo 1","1585970354325004288",FALSE,2024-12-31 22:56:08,"1874228073098571825","1874228073098571825","everyone","sv",NA,NA,"2022-10-28T12:23:01.000Z","https://pbs.twimg.com/profile_images/1852104542399107073/jinxCjp0_normal.jpg","We need President Trump NOW more than EVER!  ‚ù§Ô∏èüá∫üá∏‚ù§Ô∏è #MAGA2024   üá∫üá∏Trump/Vance/Kennedy üá∫üá∏#FreeStateOfFlorida","StaceBenu","Tampa, FL",FALSE,FALSE,"Stace Benu",NA,1,1,2,0,0,46,7553,7823,2746,0,88990,315,"St. Pete Beach 12/31/24 5:53 pm EST 
Smells like Red Tide IYKYK https://t.co/gdIJUnxVaq",FALSE,NA
"24","Red tide is hanging around St. Pete and mouth of Tampa Bay . https   www wusf org environment 2024 12 20 red tide is hanging around st pete and mouth of tampa bay","62639747",FALSE,2024-12-21 17:55:46,"1870528604351725739","1870528604351725739","everyone","en",NA,NA,"2009-08-03T22:27:19.000Z","https://pbs.twimg.com/profile_images/977920354315329536/ssC-J9Yw_normal.jpg","","dmawby","Florida, USA",FALSE,FALSE,"David Mawby",NA,0,0,0,0,0,23,4251,2003,69453,11,42850,1878,"Red tide is hanging around St. Pete and mouth of Tampa Bay https://t.co/jZnoDgFzTK",NA,NA
"25","Residents and visitors are advised to stay informed about water quality updates, especially in affected areas, to minimize potential health risks and environmental impacts...



#PIESun. https   pie sun com 2024 12 19 red tide detected in tampa bay near st petersburg","1839381876211113984",FALSE,2024-12-19 21:02:01,"1869850697522454939","1869850697522454939","everyone","en",NA,"https://t.co/5lLoq2abmx","2024-09-26T19:10:16.000Z","https://pbs.twimg.com/profile_images/1839382051910520832/-AsxpgmZ_normal.jpg","Local St. Pete-Clearwater, Florida News, Events, and Destinations","ThePIESun","St. Petersburg, Florida",FALSE,FALSE,"St. Pete-Clearwater Sun",NA,0,0,0,0,0,0,7,39,554,0,14,11,"Residents and visitors are advised to stay informed about water quality updates, especially in affected areas, to minimize potential health risks and environmental impacts...

https://t.co/XIlw5egdML

#PIESun",NA,NA
"26","Red tide has been reported in Tampa Bay, with low concentrations found near St. Petersburg, potentially affecting local marine life and causing respiratory issues for residents.. ","1603256714731610113",FALSE,2024-12-19 18:48:16,"1869817039671701884","1869817039671701884","everyone","en",NA,NA,"2022-12-15T05:12:50.000Z","https://pbs.twimg.com/profile_images/1709484983910322176/1FAEKtLi_normal.jpg","Project Manager - Digital Creator - Master in Technology Administration - Master in Education - Republican - ProAMLO -ProDonaldTrump - Conservative","pio007max",NA,FALSE,FALSE,"Andrei Salvador","1869070852056367399",0,0,0,0,0,11,212,307,4726,0,121,386,"Red tide has been reported in Tampa Bay, with low concentrations found near St. Petersburg, potentially affecting local marine life and causing respiratory issues for residents.",NA,NA
"27","RT @FloridaIssues: Red tide is being reported in St. Petersburg - WUSF -  #GoogleAlerts. https   www wusf org environment 2024 12 18 red tide is being reported in st petersburg","17172801",FALSE,2024-12-18 23:57:17,"1869532420527243637","1869532420527243637","everyone","de",NA,NA,"2008-11-04T23:29:45.000Z","https://pbs.twimg.com/profile_images/875036129426374656/85oWiVeb_normal.jpg","Meteorologist, National Weather Service Jacksonville. My opinions are my opinions.","99nole","St. Augustine, FL",FALSE,FALSE,"Ben Nelson",NA,1,0,0,0,0,0,888,1752,28421,38,14632,210,"RT @FloridaIssues: Red tide is being reported in St. Petersburg - WUSF - https://t.co/RWKjqEsOBB #GoogleAlerts",NA,NA
"28","Red tide is being reported in St. Petersburg - WUSF -  #GoogleAlerts. https   www wusf org environment 2024 12 18 red tide is being reported in st petersburg","534263140",FALSE,2024-12-18 23:41:42,"1869528495753503163","1869528495753503163","everyone","de",NA,NA,"2012-03-23T12:49:26.000Z","https://pbs.twimg.com/profile_images/1169906487172333577/HqrgWFkr_normal.jpg","","FloridaIssues",NA,FALSE,FALSE,"Florida Issues",NA,1,0,0,0,0,40,1033,12,161184,35,1138,581,"Red tide is being reported in St. Petersburg - WUSF - https://t.co/RWKjqEsOBB #GoogleAlerts",NA,NA
"29","It's nice to know and hope the gulf is clean enough to swim in as red tide is creeping in etc...
I'm ready to head to the beach, but cautious about bacteria levels in our water. 
#safety #beaches #stpete #beach 
#stpetebeach #ilovemybeach . https   twitter com WFLA status 1849062907645968644","56261494",FALSE,2024-10-24 17:02:55,"1849496805857427491","1849496805857427491","everyone","en",NA,"https://t.co/q0lWP6wr9r","2009-07-13T02:27:43.000Z","https://pbs.twimg.com/profile_images/1614414091132571648/se99k1Qg_normal.jpg","R&b/Soul/EDM Artist & 5X (time) Grammy Contender heard globally!","RnBChrisTian","St Petersburg, FL ",FALSE,FALSE,"Chris Tian",NA,0,0,0,0,0,103,2030,1910,2770,26,2285,NA,"It's nice to know and hope the gulf is clean enough to swim in as red tide is creeping in etc...
I'm ready to head to the beach, but cautious about bacteria levels in our water. 
#safety #beaches #stpete #beach 
#stpetebeach #ilovemybeach https://t.co/yFFT5nzZNE",NA,NA
"30","@SheaGibsonWx @FLgator727 Thx Shea, I am a marine scientist PhD that recently moved from St Pete, sat on Board of Florida Ocean Alliance for years, well published author on the ocean, and have worked with researchers studying algal blooms.","231452828",FALSE,2024-10-17 08:22:21,"1846829085319700708","1846559450255298716","everyone","en","958370022",NA,"2010-12-28T15:26:13.000Z","https://pbs.twimg.com/profile_images/1386645542172864512/7_w5hOt__normal.jpg","Marine scientist, chief scientist StormCenter Communications and author  of popular science and sci-adventure books for all ages","elprager","Annapolis, MD",FALSE,FALSE,"Ellen Prager",NA,0,0,1,0,0,34,965,252,6363,41,11447,NA,"@SheaGibsonWx @FLgator727 Thx Shea, I am a marine scientist PhD that recently moved from St Pete, sat on Board of Florida Ocean Alliance for years, well published author on the ocean, and have worked with researchers studying algal blooms.",NA,NA
"31","As if the beaches didn‚Äôt have enough to deal with, Pinellas County officials say medium concentrations of red tide found off St. Pete Beach, Madeira Beach and Dunedin Causeway. Low concentrations off Pass-a-Grille, Clearwater Intracoastal Waterway and Honeymoon Island.","2420012296",FALSE,2024-10-02 16:38:38,"1841518162069561670","1841518162069561670","everyone","en",NA,NA,"2014-03-18T12:59:33.000Z","https://pbs.twimg.com/profile_images/1777697675686608896/xsEmqKvR_normal.jpg","Reporter for @Fox13News | Proud @ElonUniversity alum | Baltimore native | Avid foodie | Sunset enthusiast | @Ravens fanatic | Stories ‚û°Ô∏è kailey.tracy@fox.com","KaileyTracy","St Petersburg, FL",FALSE,FALSE,"Kailey Tracy Fox 13","1580013570066378753",0,0,0,0,0,164,2678,1963,16912,50,72616,NA,"As if the beaches didn‚Äôt have enough to deal with, Pinellas County officials say medium concentrations of red tide found off St. Pete Beach, Madeira Beach and Dunedin Causeway. Low concentrations off Pass-a-Grille, Clearwater Intracoastal Waterway and Honeymoon Island.",NA,NA
"32","(2/x) ""... low to medium concentrations of Red Tide detected in water samples taken from Pinellas waters. Low concentrations were found off Pass-a-Grille, the Clearwater Intracoastal Waterway and Honeymoon Island.
Medium concentrations were found off St. Pete Beach, ...""","13058782",FALSE,2024-10-02 15:53:01,"1841506681445879816","1841506604388127191","everyone","en","13058782","https://t.co/bUWYk8x2JM","2008-02-04T18:22:04.000Z","https://pbs.twimg.com/profile_images/1519035778059358217/mUPjQqsF_normal.jpg","WMNF Community Radio news from #Tampa, #StPete, Sarasota #Florida & beyond. Tweets by WMNF News and Public Affairs Director Se√°n Kinane. he/him","wmnfnews","Tampa, FL USA",FALSE,FALSE,"Se√°n Kinane WMNF","1380000214661136388",0,1,1,0,0,95,6516,2626,80993,348,50506,NA,"(2/x) ""... low to medium concentrations of Red Tide detected in water samples taken from Pinellas waters. Low concentrations were found off Pass-a-Grille, the Clearwater Intracoastal Waterway and Honeymoon Island.
Medium concentrations were found off St. Pete Beach, ...""",NA,NA
"33","@KristyTallman free spirulina?","1713942463",FALSE,2024-09-08 17:35:58,"1832835283186028814","1832834534251106310","everyone","et","74839195","https://t.co/0UKNW8qs1F","2013-08-30T22:47:56.000Z","https://pbs.twimg.com/profile_images/1585472122087886848/xbFSoXcN_normal.jpg","Schadenfreude Sommelier","SarahCorvus","keybase.io/opus1",FALSE,FALSE,"Psykes Group Darling","1686849767819837440",0,0,0,0,0,3,600,2012,6211,26,2891,NA,NA,TRUE,NA
"34","The Gulf of Finland in St. Petersburg, Russia, Turns Green Due to Algae Growth

Reports suggest the bright green color is caused by algae, which thrive and die off in the daytime heat.

#GulfofFinland #StPetersburg #AlgaeBloom #EnvironmentalNews #Russia #WaterQuality‚Ä¶ https://t.co/lMPpWDLzQa https://t.co/c2smql18vX","74839195",FALSE,2024-09-08 17:33:00,"1832834534251106310","1832834534251106310","everyone","en",NA,NA,"2009-09-16T21:11:19.000Z","https://pbs.twimg.com/profile_images/1817840013406765056/aWxxyjfb_normal.jpg","Journalist, Photographer & Author of Psychological/Political Thrillers, combined with Poetry & Song.","KristyTallman","Lebanon, Oregon ",FALSE,FALSE,"Kristy Tallman","1833594487681257923",0,1,0,0,0,69,2327,2762,9700,59,5580,NA,"The Gulf of Finland in St. Petersburg, Russia, Turns Green Due to Algae Growth

Reports suggest the bright green color is caused by algae, which thrive and die off in the daytime heat.

#GulfofFinland #StPetersburg #AlgaeBloom #EnvironmentalNews #Russia #WaterQuality‚Ä¶ https://t.co/lMPpWDLzQa https://t.co/c2smql18vX",FALSE,"a12170d40e438f19"
"35","@StPeteFL Fun Fact: The City's sewage spills contribute to red tide. (But it's ok. Keep overdeveloping the area before you fix the infrastructure).
https://t.co/UpXfPuwAz7","1398405213367767040",FALSE,2024-09-05 19:24:44,"1831775493135462506","1831412900105470394","everyone","en","65459725",NA,"2021-05-28T22:27:23.000Z","https://pbs.twimg.com/profile_images/1398408831949021186/oWMmFms0_normal.jpg","","WorstMayorEva","St Petersburg, FL",FALSE,FALSE,"Krise",NA,0,0,1,0,0,4,44,132,359,1,238,NA,"@StPeteFL Fun Fact: The City's sewage spills contribute to red tide. (But it's ok. Keep overdeveloping the area before you fix the infrastructure).
https://t.co/UpXfPuwAz7",FALSE,NA
"36","@seanhannity It‚Äôs a possible source stock for diesel fuel.. you didn‚Äôt know?  https://t.co/gvzQuvvS8Y

Also, Putin fooled you on Russia 800AD. The Russ (Rowers) Nordic people founded Kyiv ahead of St. Petersburg or Moscow,  and into the River Siene too, yes Paris, around the same era.","57580230",TRUE,2024-08-08 01:01:21,"1821350954379452550","1821248481253556665","everyone","en","41634520",NA,"2009-07-17T07:20:38.000Z","https://pbs.twimg.com/profile_images/1090268169/images_normal.jpg","Management practitioner and mentor.","rsylianteng","Escolta, Manila, Philippines",FALSE,FALSE,"Roberto Sylianteng","1594213633797419009",0,0,2,0,0,31,92,510,8659,2,380,NA,"@seanhannity It‚Äôs a possible source stock for diesel fuel.. you didn‚Äôt know?  https://t.co/gvzQuvvS8Y

Also, Putin fooled you on Russia 800AD. The Russ (Rowers) Nordic people founded Kyiv ahead of St. Petersburg or Moscow,  and into the River Siene too, yes Paris, around the same era.",NA,NA
"37","@Boosted_DGK It's only bad sometimes because of the Red Tide. Sarasota and St Pete are so so nice usually. Idk as much about east coast beaches though","1375177605889032206",FALSE,2024-06-23 19:12:52,"1804955802786050081","1804930768969609451","everyone","en","244602653",NA,"2021-03-25T20:07:53.000Z","https://pbs.twimg.com/profile_images/1587491647289524224/5Pvtw_aa_normal.jpg","Smash Bros Competitor | Tampa Player | Mako Esports | #1 in Tampa | Steph üíó","ViriROB","Tampa, FL",FALSE,FALSE,"Mako | Viri",NA,0,1,3,0,0,75,794,396,11379,2,12339,NA,"@Boosted_DGK It's only bad sometimes because of the Red Tide. Sarasota and St Pete are so so nice usually. Idk as much about east coast beaches though",NA,NA
"38","@xM1l3s @danielgothits Absolutely. Saratoga weather is nice too. A bit touristy with Tampa and St Pete around the corner. But if you don‚Äôt mind that. that‚Äôs the ticket. Beaches are nice most of the year except when red tide.. ","1418750262504787976",FALSE,2024-04-28 11:58:39,"1784552809565704250","1784478727448969237","everyone","en","61134911","https://t.co/KKidN4LRVu","2021-07-24T01:52:55.000Z","https://pbs.twimg.com/profile_images/1771536146171842561/f4urDmeV_normal.jpg","Penman Basic. (üå≥üå≥) üü™","iam0berly0","üåé",FALSE,FALSE,"0berly0 üååüåÑüñã","1485736444308172809",0,0,1,0,0,43,1115,3559,37083,15,137362,NA,"@xM1l3s @danielgothits Absolutely. Saratoga weather is nice too. A bit touristy with Tampa and St Pete around the corner. But if you don‚Äôt mind that. that‚Äôs the ticket. Beaches are nice most of the year except when red tide.",NA,NA
"39","Exciting news! USF St. Petersburg Assistant Professor Heather O'Leary was featured on #NPR for turning #coralreef and #redtide research into a musical composition. Check out the groundbreaking collaboration with the USF School of Music here ‚¨áÔ∏è
. https   www npr org 2024 04 04 1242001322 algae bloom florida","143476735",FALSE,2024-04-25 16:05:28,"1783527759765016676","1783527759765016676","everyone","en",NA,"https://t.co/U8V9paOPAt","2010-05-13T15:32:28.000Z","https://pbs.twimg.com/profile_images/1784931913012256768/-Ms3U_yO_normal.jpg","Situated on 52 acres of waterfront in downtown St. Petersburg, our campus offers an intimate academic experience with all the benefits of a large institution.","usfsp","St. Petersburg, Florida",FALSE,FALSE,"USF St. Petersburg","1684590221252550656",0,0,0,0,0,94,3465,247,5219,63,3768,NA,"Exciting news! USF St. Petersburg Assistant Professor Heather O'Leary was featured on #NPR for turning #coralreef and #redtide research into a musical composition. Check out the groundbreaking collaboration with the USF School of Music here ‚¨áÔ∏è
https://t.co/ltYpfZh4PM",NA,NA
"40","RT @wusf: Hurricanes and red tides could become more powerful as the Gulf of Mexico heats to record levels. But budget cuts are threatening a system that monitors conditions there ‚Äî including programs based in St. Petersburg and Sarasota.
. https   www wusf org environment 2024 04 08 hurricane red tide gulf early warning budget cuts cripple","192777160",FALSE,2024-04-08 14:20:24,"1777340723525812467","1777340723525812467","everyone","en",NA,"https://t.co/O8Z4E5VM84","2010-09-20T03:25:31.000Z","https://pbs.twimg.com/profile_images/1632249660835348480/qXQVbo4B_normal.jpg","Night Owl | INFP | tired job seeker 
hiraeth-full & fernweh-haver
 Wimsey-infatuated üßê
Fan of adaptive reuse & walkable cities

T√° c√∫pla focal agam ‚òòÔ∏è YNWA‚öΩÔ∏è","MiscAlex","Cone of Uncertainty",FALSE,FALSE,"üåÉüê≥ü¶£ alexandra M üåªüß≠ü¶©","1593510122478866432",6,0,0,0,0,0,348,628,31968,16,40568,NA,"RT @wusf: Hurricanes and red tides could become more powerful as the Gulf of Mexico heats to record levels. But budget cuts are threatening a system that monitors conditions there ‚Äî including programs based in St. Petersburg and Sarasota.
https://t.co/eW0kGZpevX",NA,NA
"41","RT @wusf: Hurricanes and red tides could become more powerful as the Gulf of Mexico heats to record levels. But budget cuts are threatening a system that monitors conditions there ‚Äî including programs based in St. Petersburg and Sarasota.
. https   www wusf org environment 2024 04 08 hurricane red tide gulf early warning budget cuts cripple","2725116285",FALSE,2024-04-08 13:51:34,"1777333469242089631","1777333469242089631","everyone","en",NA,NA,"2014-07-26T11:33:00.000Z","https://pbs.twimg.com/profile_images/729711017060618240/OSD_bTxK_normal.jpg","It's go time.
Treehugger of Liberty. 
The #GreatestGeneration was Antifa.
BOTS/trolls shamed by their anonymous words, don't @ me.","manton_jeanne",NA,FALSE,FALSE,"sailonsilvergirl","1526700334848122880",6,0,0,0,0,0,1570,1405,111693,16,68798,NA,"RT @wusf: Hurricanes and red tides could become more powerful as the Gulf of Mexico heats to record levels. But budget cuts are threatening a system that monitors conditions there ‚Äî including programs based in St. Petersburg and Sarasota.
https://t.co/eW0kGZpevX",NA,NA
"42","RT @wusf: Hurricanes and red tides could become more powerful as the Gulf of Mexico heats to record levels. But budget cuts are threatening a system that monitors conditions there ‚Äî including programs based in St. Petersburg and Sarasota.
. https   www wusf org environment 2024 04 08 hurricane red tide gulf early warning budget cuts cripple","888041223243649024",FALSE,2024-04-08 13:48:07,"1777332600463573170","1777332600463573170","everyone","en",NA,"https://t.co/Iq26uKWe8p","2017-07-20T14:21:41.000Z","https://pbs.twimg.com/profile_images/912519116547792896/RpU7ctxo_normal.jpg","@jules-of-america.Bsky.social
‚ù§Ô∏èüá∫üá∏üêòüßöüèºüèÄ‚ù§Ô∏è Earth Day 2022 Florida - 5 year old said, ‚ÄúMy grandma‚Äôs husband is a woman.‚Äù ‚ù§Ô∏è Love it!","VotingTweeter","üá∫üá∏ America üá∫üá∏ ",FALSE,FALSE,"Jules of üá∫üá∏","1595417947886866433",6,0,0,0,0,0,750,780,48962,1,191866,NA,"RT @wusf: Hurricanes and red tides could become more powerful as the Gulf of Mexico heats to record levels. But budget cuts are threatening a system that monitors conditions there ‚Äî including programs based in St. Petersburg and Sarasota.
https://t.co/eW0kGZpevX",NA,NA
"43","RT @wusf: Hurricanes and red tides could become more powerful as the Gulf of Mexico heats to record levels. But budget cuts are threatening a system that monitors conditions there ‚Äî including programs based in St. Petersburg and Sarasota.
. https   www wusf org environment 2024 04 08 hurricane red tide gulf early warning budget cuts cripple","20930240",FALSE,2024-04-08 13:20:03,"1777325535967773032","1777325535967773032","everyone","en",NA,NA,"2009-02-15T19:25:19.000Z","https://pbs.twimg.com/profile_images/1697719663659012096/GgK5jixS_normal.jpg","üá∫üá¶ üò∑ #StandWithUkraine #NoVid ‚ÄúMorality in terms of behavior, not in terms of theology‚Äù Frank Zappa","SouthernJewel","Lakeland, FL",FALSE,FALSE,"Donna in Lakeland FL","1633881770528473092",6,0,0,0,0,0,1540,333,126171,24,184578,NA,"RT @wusf: Hurricanes and red tides could become more powerful as the Gulf of Mexico heats to record levels. But budget cuts are threatening a system that monitors conditions there ‚Äî including programs based in St. Petersburg and Sarasota.
https://t.co/eW0kGZpevX",NA,NA
"44","RT @wusf: Hurricanes and red tides could become more powerful as the Gulf of Mexico heats to record levels. But budget cuts are threatening a system that monitors conditions there ‚Äî including programs based in St. Petersburg and Sarasota.
. https   www wusf org environment 2024 04 08 hurricane red tide gulf early warning budget cuts cripple","377666632",FALSE,2024-04-08 13:03:29,"1777321367500677193","1777321367500677193","everyone","en",NA,NA,"2011-09-21T22:53:34.000Z","https://pbs.twimg.com/profile_images/1490711932650889217/kLsdYtt5_normal.jpg","Radio man, Podcast man, Writer man","radiocraigkopp","Land O Lakes, Florida",FALSE,FALSE,"Craig Kopp",NA,6,0,0,0,0,0,1019,1546,39386,60,35517,NA,"RT @wusf: Hurricanes and red tides could become more powerful as the Gulf of Mexico heats to record levels. But budget cuts are threatening a system that monitors conditions there ‚Äî including programs based in St. Petersburg and Sarasota.
https://t.co/eW0kGZpevX",NA,NA
"45","RT @wusf: Hurricanes and red tides could become more powerful as the Gulf of Mexico heats to record levels. But budget cuts are threatening a system that monitors conditions there ‚Äî including programs based in St. Petersburg and Sarasota.
. https   www wusf org environment 2024 04 08 hurricane red tide gulf early warning budget cuts cripple","785425199432863744",FALSE,2024-04-08 13:01:02,"1777320751311299047","1777320751311299047","everyone","en",NA,NA,"2016-10-10T10:22:14.000Z","https://pbs.twimg.com/profile_images/1046717212273315840/zxps2pAr_normal.jpg","Analyst, mother, RN, voter.","SharinStone","Florida",FALSE,FALSE,"SSton",NA,6,0,0,0,0,0,4717,4689,220808,31,918404,NA,"RT @wusf: Hurricanes and red tides could become more powerful as the Gulf of Mexico heats to record levels. But budget cuts are threatening a system that monitors conditions there ‚Äî including programs based in St. Petersburg and Sarasota.
https://t.co/eW0kGZpevX",NA,NA
"46","Hurricanes and red tides could become more powerful as the Gulf of Mexico heats to record levels. But budget cuts are threatening a system that monitors conditions there ‚Äî including programs based in St. Petersburg and Sarasota.
. https   www wusf org environment 2024 04 08 hurricane red tide gulf early warning budget cuts cripple","17544442",FALSE,2024-04-08 12:58:00,"1777319985901088864","1777319985901088864","everyone","en",NA,"https://t.co/KBo4cZ4tOe","2008-11-21T20:07:08.000Z","https://pbs.twimg.com/profile_images/1714703492890394624/IOVwz2sB_normal.jpg","WUSF Public Media is the Tampa Bay area‚Äôs source for news, in-depth reporting, educational programming, arts, and the finest classical music.","wusf","Tampa, FL",FALSE,FALSE,"WUSF",NA,6,0,4,0,0,163,15044,2342,40363,478,2708,NA,"Hurricanes and red tides could become more powerful as the Gulf of Mexico heats to record levels. But budget cuts are threatening a system that monitors conditions there ‚Äî including programs based in St. Petersburg and Sarasota.
https://t.co/eW0kGZpevX",NA,NA
"47","@YellowSnwman Sunshine Skyway in St. Petersburg, Florida accident was worse. There were bodies floating up for weeks. It looks like red tide except they were human beings, floating and not fish","1769863215083581441",FALSE,2024-03-26 15:19:46,"1772644620494688489","1772595650544173504","everyone","en","894931909716975616",NA,"2024-03-18T23:08:42.000Z","https://pbs.twimg.com/profile_images/1769876486738018304/0NjJrK2q_normal.jpg","cowboy‚Äôs fan. no porn if you wanna get blocked follow me stay out of my DM‚Äòs unless you have something sensible to talk about.","JamesLong344712",NA,FALSE,FALSE,"JD",NA,0,1,1,0,0,5,14,31,271,0,111,NA,"@YellowSnwman Sunshine Skyway in St. Petersburg, Florida accident was worse. There were bodies floating up for weeks. It looks like red tide except they were human beings, floating and not fish",NA,NA
"48","A Concerning Mix of Red Tide and High Levels of Arsenic and HA -A9 Residents and visitors to St. Petersburg, be cautious!  .https://t.co/NE34U6nPfE via @FacebookWatch","1677355831740755968",FALSE,2024-03-20 22:22:33,"1770576689174609990","1770576689174609990","everyone","en",NA,NA,"2023-07-07T16:36:26.000Z","https://pbs.twimg.com/profile_images/1677356602607771658/atMBPJQW_normal.jpg","Nonprofit Organization. Providing safe drinking water in America while increasing social awareness and mitigating water pollution ü¶ãüá∫üá∏","earthwater4all",NA,FALSE,FALSE,"Earth Water",NA,0,0,0,0,0,6,50,14,109,0,47,NA,"A Concerning Mix of Red Tide and High Levels of Arsenic and HA -A9 Residents and visitors to St. Petersburg, be cautious!  .https://t.co/NE34U6nPfE via @FacebookWatch",NA,NA
"49","@jimstep260853 We went to St Petersburg on Florida's gulf coast, only to find we couldn't go into the water, due to Red Tide. Dead fish everywhere, so we checked out, drove across Alligator Alley &amp; went back to Disney for another 10 days!","3687054329",FALSE,2024-03-01 00:34:44,"1763362199119044860","1763322323212362097","everyone","en","1674083297486417921",NA,"2015-09-17T15:40:11.000Z","https://pbs.twimg.com/profile_images/1497756704326529026/_4Wc3MaF_normal.jpg","NYC lady born & raised. Proud daughter of WWII U.S. Army Vet. Living in UK. No lists.  üåä üóΩüçéüíñüóΩüá∫üá∏üá¨üáß","DianeDidi15","Yorkshire and The Humber, Engl",FALSE,FALSE,"diane wheatley","1528886927214231554",0,0,1,0,0,157,3067,4622,101869,4,381802,NA,"@jimstep260853 We went to St Petersburg on Florida's gulf coast, only to find we couldn't go into the water, due to Red Tide. Dead fish everywhere, so we checked out, drove across Alligator Alley &amp; went back to Disney for another 10 days!",NA,NA
"50","@rohindhar imo Fl is going to be dealing with some major environmental issues too. that red tide coming up the gulf coast is bad. everyone in st pete coughing on the beach.
that callahoosie river pollution needs to get fixed. 
but Fl politics are a mess right now.","196021101",FALSE,2024-02-28 13:19:27,"1762829870348804228","1762709591731900681","everyone","en","196021101",NA,"2010-09-28T03:39:24.000Z","https://pbs.twimg.com/profile_images/2236413468/P1010003_normal.jpg","mstrs in physics and in comp eng.     Enjoy my kids, my dog sugar, jiu jitsu, aquariums, diving, sailing, and chess.  
cloud computing","meetgrinder","Newton, MA",FALSE,FALSE,"joe conery","1006245246336995329",0,0,0,0,0,56,267,628,21706,2,9889,NA,"@rohindhar imo Fl is going to be dealing with some major environmental issues too. that red tide coming up the gulf coast is bad. everyone in st pete coughing on the beach.
that callahoosie river pollution needs to get fixed. 
but Fl politics are a mess right now.",NA,NA
"51","@PlaneGirl26 I hope you have great weather. No hurricanes predicted for this week. And no red tides with dead fish. Happened once when I was in St Pete Beach.","822455582",FALSE,2024-02-07 22:23:30,"1755356640264806763","1755237383073677513","everyone","en","1724494458534682624",NA,"2012-09-14T01:09:37.000Z","https://pbs.twimg.com/profile_images/2609672362/x6ftcbefjwdywljt1f5c_normal.jpeg","Mental Health Therapist and Life/Relationship Coach","GregoryLease","University Place, WA..        ",FALSE,FALSE,"Gregory Lease",NA,0,0,1,0,0,11,222,360,3273,6,11894,NA,"@PlaneGirl26 I hope you have great weather. No hurricanes predicted for this week. And no red tides with dead fish. Happened once when I was in St Pete Beach.",NA,NA
"52","@iluminatibot maybe we should stop putting fertilizers &amp; pesticides in the water-

https://t.co/HqJw5vkQne","1637495516757102594",FALSE,2024-01-28 19:36:43,"1751690787627409446","1751455113267265987","everyone","en","3376321847",NA,"2023-03-19T16:46:18.000Z","https://pbs.twimg.com/profile_images/1671623666327777280/Va0fQUzD_normal.jpg","","Louise391589497",NA,FALSE,FALSE,"Louise",NA,0,0,1,0,0,1,92,389,30119,15,31543,NA,"@iluminatibot maybe we should stop putting fertilizers &amp; pesticides in the water-

https://t.co/HqJw5vkQne",NA,NA
"53","@courtneyknill It's because st pete is insane and bans everything and he was all ""hey maybe it's cool if people are allowed to plant vegetables anywhere they want on their own property"" and people got REAL mad because fertilizer by the bay causes the red tide but allowing gardens is totally‚Ä¶ https://t.co/zhjA6MYc9t","1394662479200985094",FALSE,2024-01-11 13:21:59,"1745435892179739027","1745295226862723193","everyone","en","2741773954",NA,"2021-05-18T14:33:47.000Z","https://pbs.twimg.com/profile_images/1729212048670674944/ZVqcr7He_normal.jpg","üåªEnd Child Trafficking 
üåªRunway Model 
üåªMarketer
üåªLive Music St Pete
üåªüáÆüáπüá∫üá≤
üåªüêà‚Äç‚¨õüêà‚Äç‚¨õ
üåªAnCap‚úùÔ∏è","MissThorn_","Tampa, FL",FALSE,FALSE,"Hannah Carter Thorn","1434284476822081554",0,0,3,0,0,128,7483,2383,22249,18,65478,NA,"@courtneyknill It's because st pete is insane and bans everything and he was all ""hey maybe it's cool if people are allowed to plant vegetables anywhere they want on their own property"" and people got REAL mad because fertilizer by the bay causes the red tide but allowing gardens is totally‚Ä¶ https://t.co/zhjA6MYc9t",NA,NA
"54","@SocratesPoly @srzjwalters @craigtimes @SaundraAmrhein That red tide snuck up on me (and everyone else) once at Pass a Grille. No warnings and nothing showed up on my phone but I wondered if that was why I had a coughing fit. It had supposedly passed. ü§∑‚Äç‚ôÄÔ∏è","819350246278963200",FALSE,2023-09-25 00:20:33,"1706101345844072484","1706057325813911599","everyone","en","1421881788536872960",NA,"2017-01-12T01:08:16.000Z","https://pbs.twimg.com/profile_images/1053269020626038784/gZ-R4THn_normal.jpg","Scottish and Sicilian roots. Don't make me block you.","MommaMia6512","Colorado970",FALSE,FALSE,"MommaMia","1705624434672009607",0,1,0,0,0,21,1498,597,80308,3,168382,NA,"@SocratesPoly @srzjwalters @craigtimes @SaundraAmrhein That red tide snuck up on me (and everyone else) once at Pass a Grille. No warnings and nothing showed up on my phone but I wondered if that was why I had a coughing fit. It had supposedly passed. ü§∑‚Äç‚ôÄÔ∏è",NA,NA
"55","@RonFilipkowski She represents St Pete Beach. Half the year it's busy, hopefully void of Red Tide or BP oil spills, the other half of the year it's a ghost town and businesses can't afford their staff.  Sounds like someone didn't get her an umbrella drink quick enough.","1634541796205248514",FALSE,2023-09-19 20:27:10,"1704230674637471810","1703942387800646072","everyone","en","1298372735383605249",NA,"2023-03-11T13:09:13.000Z","https://pbs.twimg.com/profile_images/1683946244111048707/wkqDWUzj_normal.jpg","Florida resident living in the NPR, Massachusetts native, Husband, Father of 2, Rays,UMass&Patriots fan, Marvel, SciFi, History geek","TedHathaway9","Florida, USA",FALSE,FALSE,"Ted Hathaway",NA,0,0,0,0,0,14,9,88,64,0,NA,NA,"@RonFilipkowski She represents St Pete Beach. Half the year it's busy, hopefully void of Red Tide or BP oil spills, the other half of the year it's a ghost town and businesses can't afford their staff.  Sounds like someone didn't get her an umbrella drink quick enough.",NA,NA
"56","RT @BrujaAnon: Hey @GovRonDeSantis
More shit in the bay to make things like vibrio grow and red tide. But you don't care, you're to busy in another state talking about slitting bureaucrats throats and shooting people at the border to care about the cesspool hereü§¨
. https   www tampabay com news environment 2023 08 21 st petersburg sewage spill riviera bay weedon island","1119318824975831040",FALSE,2023-08-21 21:04:39,"1693730857343709343","1693730857343709343","everyone","en",NA,NA,"2019-04-19T19:16:18.000Z","https://pbs.twimg.com/profile_images/1658117105122770947/u1OXcq-V_normal.jpg","#GetBoosted #CovidIsAirborne #BringBackMasks #PostcardsToVoters #FLDemsVBM #VoteBlue2024 #BlueWave #BLM #DeathSantisIsKillingFloridians #NeverDeSantis","GnvSusie",NA,FALSE,FALSE,"SusieQGnv üåªüò∑üòéüå¥ü¶éü¶ãüåäüè≥Ô∏è‚Äçüåà","1389626019351511044",1,0,0,0,0,0,413,1150,57892,0,NA,NA,"RT @BrujaAnon: Hey @GovRonDeSantis
More shit in the bay to make things like vibrio grow and red tide. But you don't care, you're to busy in another state talking about slitting bureaucrats throats and shooting people at the border to care about the cesspool hereü§¨
https://t.co/MweUXXUqKA",NA,NA
"57","Hey @GovRonDeSantis
More shit in the bay to make things like vibrio grow and red tide. But you don't care, you're to busy in another state talking about slitting bureaucrats throats and shooting people at the border to care about the cesspool hereü§¨
. https   www tampabay com news environment 2023 08 21 st petersburg sewage spill riviera bay weedon island","1219032025769881605",FALSE,2023-08-21 20:55:44,"1693728616939491373","1693728616939491373","everyone","en",NA,NA,"2020-01-19T23:01:09.000Z","https://pbs.twimg.com/profile_images/1350116284327981058/3_GmLbhP_normal.jpg","Retired military. #WritingCommunity #PTSD #MS #LGBTQ #Hypoparathyroidism #RA #depression #TBI #FBR #atheist #dogs #cats CanoNina on Mastadon and Post üòä","BrujaAnon","Florida, USA",FALSE,FALSE,"MSFighter üá∫üá¶‚ôøüóù‚òÆÔ∏èüè≥Ô∏è‚Äçüåà",NA,1,0,1,0,0,20,2255,4329,108716,10,NA,NA,"Hey @GovRonDeSantis
More shit in the bay to make things like vibrio grow and red tide. But you don't care, you're to busy in another state talking about slitting bureaucrats throats and shooting people at the border to care about the cesspool hereü§¨
https://t.co/MweUXXUqKA",NA,NA
"58","@unhealthytruth @aurajenn I had to leave St. Petersburg last spring early because of Red tide. Four trips to urgent care in two months.","822676461823885313",FALSE,2023-08-06 16:43:49,"1688229399387140096","1687963066799947776","everyone","en","18093097",NA,"2017-01-21T05:25:27.000Z","https://pbs.twimg.com/profile_images/1056706995955351552/sUB0IxK0_normal.jpg","Light Warrior.","KarenSc38678909",NA,FALSE,FALSE,"Karen",NA,0,1,1,0,0,37,1290,1748,32059,7,NA,NA,"@unhealthytruth @aurajenn I had to leave St. Petersburg last spring early because of Red tide. Four trips to urgent care in two months.",NA,NA
