"","text","conversation_id","created_at.x","author_id","reply_settings","possibly_sensitive","lang","id","protected","profile_image_url","created_at.y","location","verified","pinned_tweet_id","url","username","name","description","public_metrics.x_retweet_count","public_metrics.x_reply_count","public_metrics.x_like_count","public_metrics.x_quote_count","public_metrics.x_impression_count","public_metrics.y_followers_count","public_metrics.y_following_count","public_metrics.y_tweet_count","public_metrics.y_listed_count","in_reply_to_user_id","text_with_display_links","geo_place_id"
"1","#StPetersburg says a reclaimed water discharge never reached #TampaBay. Its own report says otherwise. The latest report on #StPete's wastewater problems from @TB_Times reporter @ByJoshSolomon: . http   www tampabay com news localgovernment St Pete says wastewater spill never reached the bay Its own report says otherwise _167452203","987443899068239872",2018-04-20 21:32:26,"15086826","everyone",FALSE,"en","987443899068239872",FALSE,"https://pbs.twimg.com/profile_images/1547364767668621313/uG1sp6Dh_normal.jpg","2008-06-11T17:21:49.000Z","Tampa Bay, FL",TRUE,"1359604017471639552","https://t.co/sHHGKCO5lg","jthalji","Jamal Thalji","Proud @TB_Times alumnus. Recovering journalist. I miss #NightEditorProblems. #GoBucs #Raysup #GoBolts #GoBulls",1,0,1,0,0,4652,10000,19587,144,NA,"#StPetersburg says a reclaimed water discharge never reached #TampaBay. Its own report says otherwise. The latest report on #StPete's wastewater problems from @TB_Times reporter @ByJoshSolomon: https://t.co/VfmgxwtX3k",NA
"2","RT @jthalji: #StPetersburg says a reclaimed water discharge never reached #TampaBay. Its own report says otherwise. The latest report on #S‚Ä¶","987507131699159041",2018-04-21 01:43:41,"119945205","everyone",FALSE,"en","987507131699159041",FALSE,"https://pbs.twimg.com/profile_images/1107681713327505408/c3Bt1MN7_normal.png","2010-03-05T01:07:56.000Z","Cleveland, OH",TRUE,"1536651712118784000","https://t.co/oEoq0MEPcp","MarkPuente","Mark Puente","Investigative reporter at @marshallproj Once: @TB_Times, @LATimes, @baltimoresun, @theplaindealer, trucker & Teamster. Email: mpuente@themarshallproject.org",1,0,0,0,0,5403,3261,21985,249,NA,"#StPetersburg says a reclaimed water discharge never reached #TampaBay. Its own report says otherwise. The latest report on #StPete's wastewater problems from @TB_Times reporter @ByJoshSolomon: https://t.co/VfmgxwtX3k",NA
"3","Need to trash electronics or chemicals? Tomorrow is Mobile Collection day at Madeira Beach Fundamental Middle School from 9am to 2pm. The address is 591 Tom Stuart Causeway, Redington Shores, FL 33708. . https   twitter com PinellasCoNews status 995036073876180992 photo 1","995036073876180992",2018-05-11 20:21:01,"87210710","everyone",FALSE,"en","995036073876180992",FALSE,"https://pbs.twimg.com/profile_images/958396908858429440/ZeXWz8mM_normal.jpg","2009-11-03T15:10:56.000Z","Pinellas County, Florida",FALSE,NA,"https://t.co/Gt8840coE5","PinellasGov","Pinellas County","Pinellas County government's latest news, events, photos, video and general information. We're on the #GulfOfMexico and #TampaBay on the west coast of #Florida.",2,0,1,0,0,28901,270,25630,462,NA,"Need to trash electronics or chemicals? Tomorrow is Mobile Collection day at Madeira Beach Fundamental Middle School from 9am to 2pm. The address is 591 Tom Stuart Causeway, Redington Shores, FL 33708. https://t.co/jmz7X7uy0y",NA
"4","RT @PinellasCoNews: Need to trash electronics or chemicals? Tomorrow is Mobile Collection day at Madeira Beach Fundamental Middle School fr‚Ä¶","995051197705981962",2018-05-11 21:21:07,"1278146076","everyone",FALSE,"en","995051197705981962",FALSE,"https://pbs.twimg.com/profile_images/1138839620924387328/Fi8bQ3yU_normal.png","2013-03-18T16:20:17.000Z",NA,FALSE,NA,NA,"jorel_ed","Ed Van Sant","Social Media Channel Mgr. for @TampaElectric; BFA Illus. @UArts. Design at Art Inst. of Phila. @LSCHS. Philly-@CityofDunedin. Tweets are mine. üá∏üáΩ üá∫üá∏",2,0,0,0,0,454,1182,59485,106,NA,"Need to trash electronics or chemicals? Tomorrow is Mobile Collection day at Madeira Beach Fundamental Middle School from 9am to 2pm. The address is 591 Tom Stuart Causeway, Redington Shores, FL 33708. https://t.co/jmz7X7uy0y",NA
"5","RT @PinellasCoNews: Need to trash electronics or chemicals? Tomorrow is Mobile Collection day at Madeira Beach Fundamental Middle School fr‚Ä¶","995729793806163968",2018-05-13 18:17:37,"729730886","everyone",FALSE,"en","995729793806163968",FALSE,"https://pbs.twimg.com/profile_images/2834122732/3efd4c61b99dbf89994e45897f4a5278_normal.jpeg","2012-08-01T01:59:32.000Z",NA,FALSE,NA,NA,"susanf30","Susan Ford","",2,0,0,0,0,9,18,737,0,NA,"Need to trash electronics or chemicals? Tomorrow is Mobile Collection day at Madeira Beach Fundamental Middle School from 9am to 2pm. The address is 591 Tom Stuart Causeway, Redington Shores, FL 33708. https://t.co/jmz7X7uy0y",NA
"6","#Florida fast to clean up, slow to enact solution to prevent/reduce #wastewater  flow from #LakeOkeechobee into waterways &amp; ocean. #Pinellas #Sarasota #Tampa #StPete #Sanibel #gulfofmexico #GulfCoast #Pollution #redtide #VisitFloirda #LoveFL . https   twitter com SarahHollenbeck status 1039648136933924864","1039909632880390147",2018-09-12 16:12:31,"191081656","everyone",FALSE,"en","1039909632880390147",FALSE,"https://pbs.twimg.com/profile_images/1420457009699303426/CJphqxSk_normal.jpg","2010-09-15T15:26:12.000Z","New York, Sarasota, FL",FALSE,NA,NA,"Umightwant2know","Maya N","""Those who can make you believe absurdities, can make you commit attrocities."" ~Voltaire",0,1,1,0,0,883,556,10934,29,NA,"#Florida fast to clean up, slow to enact solution to prevent/reduce #wastewater  flow from #LakeOkeechobee into waterways &amp; ocean. #Pinellas #Sarasota #Tampa #StPete #Sanibel #gulfofmexico #GulfCoast #Pollution #redtide #VisitFloirda #LoveFL https://t.co/Iu3vtNApgL",NA
"7","@ComplCoastal They used that same equipment on Siesta Key.....","1039909632880390147",2018-09-12 16:53:13,"570192339","everyone",FALSE,"en","1039919872396996608",FALSE,"https://pbs.twimg.com/profile_images/1597086995800539138/XYsnT1RC_normal.jpg","2012-05-03T16:39:39.000Z","Sarasota, FL",FALSE,NA,NA,"Cindi_Ferdi","üñ§üíöü¶Öüá∫üá¶Cinderellaüá∫üá¶ü¶Öüíöüñ§","Philly Sports fan for LIFE!",0,0,0,0,0,134,978,2138,2,"191081656",NA,"4ec01c9dbc693497"
"8","In the past three years, more than 1 billion gallons (3.8 billion liters) of #wastewater has been dumped in the Tampa - St Pete - Clearwater area, and much of it made it into Tampa Bay  #tampa #stpete #clearwater #sewage. https   wusfnews wusf usf edu environment 2018 12 25 report 3 florida cities responsible for wastewater spills","1099821394425270272",2019-02-25 00:00:28,"1088196428961406976","everyone",FALSE,"en","1099821394425270272",FALSE,"https://pbs.twimg.com/profile_images/1088562451866501120/isA81Jbq_normal.jpg","2019-01-23T22:07:01.000Z",NA,FALSE,NA,"https://t.co/AR8sz1dyFZ","awsproject","American Water Security Project","Promoting the need for #sewage and #wastewater #infrastructure upgrades and repairs, #ethical treatment of wastewater, and protection of our nation's waters",1,0,2,0,0,91,95,1368,1,NA,"In the past three years, more than 1 billion gallons (3.8 billion liters) of #wastewater has been dumped in the Tampa - St Pete - Clearwater area, and much of it made it into Tampa Bay https://t.co/DkEkBwTDuR #tampa #stpete #clearwater #sewage",NA
"9","RT @awsproject: In the past three years, more than 1 billion gallons (3.8 billion liters) of #wastewater has been dumped in the Tampa - St‚Ä¶","1099835071115288576",2019-02-25 00:54:49,"121962605","everyone",FALSE,"en","1099835071115288576",FALSE,"https://pbs.twimg.com/profile_images/1279257856450211840/qdYT02PU_normal.jpg","2010-03-11T04:43:24.000Z","St. Petersburg, Florida",FALSE,NA,NA,"BrandonShuler","Texan for the Resistance","Single father of 3: Human #resister #impeachtrump #republicanforbiden (Tomorrow there will be more of us) #publiclands and #oceans advocate",1,0,0,0,0,662,781,9978,21,NA,"In the past three years, more than 1 billion gallons (3.8 billion liters) of #wastewater has been dumped in the Tampa - St Pete - Clearwater area, and much of it made it into Tampa Bay https://t.co/DkEkBwTDuR #tampa #stpete #clearwater #sewage",NA
"10","Roughly 2,400 homes in Treasure Island are still on #septic, polluting a canal and ultimately Lake Okeechobee  #wastewater #cleanwater #florida @WPTV. https   www wptv com news protecting paradise septic tank conversion funds needed to improve water quality","1103264143262523393",2019-03-06 12:00:44,"1088196428961406976","everyone",FALSE,"en","1103264143262523393",FALSE,"https://pbs.twimg.com/profile_images/1088562451866501120/isA81Jbq_normal.jpg","2019-01-23T22:07:01.000Z",NA,FALSE,NA,"https://t.co/AR8sz1dyFZ","awsproject","American Water Security Project","Promoting the need for #sewage and #wastewater #infrastructure upgrades and repairs, #ethical treatment of wastewater, and protection of our nation's waters",0,0,0,0,0,91,95,1368,1,NA,"Roughly 2,400 homes in Treasure Island are still on #septic, polluting a canal and ultimately Lake Okeechobee https://t.co/EAZGWSan84 #wastewater #cleanwater #florida @WPTV",NA
"11","St. Pete Beach is taking initiative to address aging #sewer system issues while their neighbor drags its heels   #wastewater #sewage #pollution #stpete. https   www abcactionnews com news region pinellas st pete beach announces plans to fix aging sewer system","1157337808173961217",2019-08-02 17:10:10,"1088196428961406976","everyone",FALSE,"en","1157337808173961217",FALSE,"https://pbs.twimg.com/profile_images/1088562451866501120/isA81Jbq_normal.jpg","2019-01-23T22:07:01.000Z",NA,FALSE,NA,"https://t.co/AR8sz1dyFZ","awsproject","American Water Security Project","Promoting the need for #sewage and #wastewater #infrastructure upgrades and repairs, #ethical treatment of wastewater, and protection of our nation's waters",0,0,0,0,0,91,95,1368,1,NA,"St. Pete Beach is taking initiative to address aging #sewer system issues while their neighbor drags its heels https://t.co/eoTi19Nt3N  #wastewater #sewage #pollution #stpete",NA
"12","#RedZone is ready to help identify the factors contributing to these issues. #underground #wastewater #infrastructure #inspection #assessment #autonomous #robotics #Tampa #StPete #Florida . https   www wtsp com article news local pinellascounty tampa bay has serious sewage problems st pete hopes robots will help fix them 67 c7c99536 a327 41bb b55a 48054bfe837b","1162058864541470725",2019-08-15 17:49:57,"2816764935","everyone",FALSE,"en","1162058864541470725",FALSE,"https://pbs.twimg.com/profile_images/1278322709160656897/AVN0cLiU_normal.jpg","2014-10-08T20:35:55.000Z","Pittsburgh, PA",FALSE,NA,"https://t.co/QosMDI3m5g","RedZonePGH","RedZone Robotics","Pipe Inspectors. Robot Collectors. Sewer Adventurists.",1,0,2,0,0,193,297,356,4,NA,"#RedZone is ready to help identify the factors contributing to these issues. #underground #wastewater #infrastructure #inspection #assessment #autonomous #robotics #Tampa #StPete #Florida https://t.co/pf2Le9GskX",NA
"13","An empty fuel tank from an F-16 washed up this afternoon on the beach in Redington Shores, Florida. @MacDill_AFB  said the tank was empty and posed no danger of contamination to the water or beach.  . https   www wtsp com article news local pinellascounty f 16 fuel tank washes up on a beach in pinellas county 67 676935c2 c9f0 491d 843e c1e5e9b0e4f8. https   twitter com Elizabeth_McLau status 1162092566633992193 photo 1","1162092566633992193",2019-08-15 20:03:53,"941974044","everyone",FALSE,"en","1162092566633992193",FALSE,"https://pbs.twimg.com/profile_images/1496107149705027589/MJKS-UZT_normal.jpg","2012-11-11T19:03:54.000Z","Seattle, WA",TRUE,"1100447373027930115","https://t.co/bQqziIGRno","Elizabeth_McLau","Elizabeth Beals (McLaughlin)","Natsec & emerging tech ‚Ä¢ @Microsoft Cloud ‚òÅÔ∏è ‚Ä¢ Former @ABC Pentagon reporter ‚Ä¢ Double @UMich Wolverine „ÄΩ ‚Ä¢ Views are my own",5,0,7,1,0,9216,842,11852,236,NA,"An empty fuel tank from an F-16 washed up this afternoon on the beach in Redington Shores, Florida. @MacDill_AFB  said the tank was empty and posed no danger of contamination to the water or beach. https://t.co/46DGUr4ASX https://t.co/Y9XjMbxEDZ",NA
"14","RT @Elizabeth_McLau: An empty fuel tank from an F-16 washed up this afternoon on the beach in Redington Shores, Florida. @MacDill_AFB  said‚Ä¶","1162213788528988171",2019-08-16 04:05:34,"1016285460367212546","everyone",FALSE,"en","1162213788528988171",FALSE,"https://pbs.twimg.com/profile_images/1610989560816893952/CqJ-Re0n_normal.jpg","2018-07-09T11:38:30.000Z",NA,FALSE,NA,NA,"DREDS18BG35","TARON3‚Ö¢ü¶Ö","00

‰ªäÂ∫¶„ÅØ„Ç≥„É¨Êé®„Åó

„ÉØ„Ç∑Áü•„Çâ„Çì",5,0,0,0,0,33,157,21763,5,NA,"An empty fuel tank from an F-16 washed up this afternoon on the beach in Redington Shores, Florida. @MacDill_AFB  said the tank was empty and posed no danger of contamination to the water or beach. https://t.co/46DGUr4ASX https://t.co/Y9XjMbxEDZ",NA
"15","RT @Elizabeth_McLau: An empty fuel tank from an F-16 washed up this afternoon on the beach in Redington Shores, Florida. @MacDill_AFB  said‚Ä¶","1162222708110704641",2019-08-16 04:41:01,"3460731193","everyone",FALSE,"en","1162222708110704641",FALSE,"https://pbs.twimg.com/profile_images/1054096048476569601/K6g0mA-L_normal.jpg","2015-09-05T15:35:10.000Z","United States",FALSE,"930431295834001408",NA,"msmith01954","USMC NAVAIR","USMC 74-79, NEANG 80-82, Retired LEO, BS CJA, MSSM,     DO NOT ADD TO LISTS!",5,0,0,0,0,2985,4353,184729,5,NA,"An empty fuel tank from an F-16 washed up this afternoon on the beach in Redington Shores, Florida. @MacDill_AFB  said the tank was empty and posed no danger of contamination to the water or beach. https://t.co/46DGUr4ASX https://t.co/Y9XjMbxEDZ",NA
"16","RT @Elizabeth_McLau: An empty fuel tank from an F-16 washed up this afternoon on the beach in Redington Shores, Florida. @MacDill_AFB  said‚Ä¶","1162276428076838912",2019-08-16 08:14:29,"894221184514088960","everyone",FALSE,"en","1162276428076838912",FALSE,"https://pbs.twimg.com/profile_images/1059641865874608128/FGCO5---_normal.jpg","2017-08-06T15:38:39.000Z","United Kingdom",FALSE,NA,NA,"Andy007_SR_A","SR Airband & Aviation üì°‚úàüåç","Monitoring Military, Civil & Interesting Aircraft Movements Worldwide // Aviation Photography // Aviation, Military & Defence News // ADS-B // HF & UHF Radio",5,0,0,0,0,15115,599,32645,323,NA,"An empty fuel tank from an F-16 washed up this afternoon on the beach in Redington Shores, Florida. @MacDill_AFB  said the tank was empty and posed no danger of contamination to the water or beach. https://t.co/46DGUr4ASX https://t.co/Y9XjMbxEDZ",NA
"17","City Manager Alex Rey said during a recent City Commission meeting that an increase to the #wastewater fee is needed to pay for treatment fees imposed by the city of #StPete &amp; account for the city‚Äôs plan to borrow from the state to upgrade its sewer system . https   www tampabay com news pinellas 2019 09 12 st pete beach plans fee increases for wastewater reclaimed water","1173008691332866048",2019-09-14 23:00:40,"1088196428961406976","everyone",FALSE,"en","1173008691332866048",FALSE,"https://pbs.twimg.com/profile_images/1088562451866501120/isA81Jbq_normal.jpg","2019-01-23T22:07:01.000Z",NA,FALSE,NA,"https://t.co/AR8sz1dyFZ","awsproject","American Water Security Project","Promoting the need for #sewage and #wastewater #infrastructure upgrades and repairs, #ethical treatment of wastewater, and protection of our nation's waters",0,0,1,0,0,91,95,1368,1,NA,"City Manager Alex Rey said during a recent City Commission meeting that an increase to the #wastewater fee is needed to pay for treatment fees imposed by the city of #StPete &amp; account for the city‚Äôs plan to borrow from the state to upgrade its sewer system https://t.co/pRtqwBPLm8",NA
"18","#FL #TampaBay #StPetersburg #RedTide  #Florida  #SunshineCoast Governor #DeathSantis  President Biden's new bill will repair our  #Infrastucture If Republicans and #McConnell don't obstruct the process!  . http   a msn com 01 en us BB1figBI","1378717026919792643",2021-04-04 14:32:09,"1300096949471916034","everyone",FALSE,"en","1378717026919792643",FALSE,"https://pbs.twimg.com/profile_images/1524530354215956480/FQqvx-_q_normal.jpg","2020-08-30T15:45:38.000Z",NA,FALSE,NA,NA,"LaporteSandy","Sandy L","Mom of 5. Blessed with many grandkids. The world is a beautiful place !   #VoteBlue in #Roevember for #WomensRights #VotingRights #GunSafety #ClimateCrisis !!!",1,0,3,0,0,3240,5000,6438,3,NA,"#FL #TampaBay #StPetersburg #RedTide  #Florida  #SunshineCoast Governor #DeathSantis  President Biden's new bill will repair our  #Infrastucture If Republicans and #McConnell don't obstruct the process!  https://t.co/0cizn5GT4C",NA
"19","@NikkiFriedFL @GovRonDeSantis @FLDEPNews @NoahValenstein Any thoughts on how this imminent chemical spill will impact local parks such as Fort Desoto beaches?. ","1378410018760953858",2021-04-04 14:42:07,"14680568","everyone",FALSE,"en","1378719538263416833",FALSE,"https://pbs.twimg.com/profile_images/63204413/little_mike_gold_feather_normal.JPG","2008-05-06T23:24:49.000Z",NA,FALSE,NA,NA,"polyman71","polyman71","",0,0,1,0,0,360,1384,115888,21,"1061009601355829255","@NikkiFriedFL @GovRonDeSantis @FLDEPNews @NoahValenstein Any thoughts on how this imminent chemical spill will impact local parks such as Fort Desoto beaches?",NA
"20","RT @LaporteSandy: #FL #TampaBay #StPetersburg #RedTide  #Florida  #SunshineCoast Governor #DeathSantis  President Biden's new bill will rep‚Ä¶","1378823438660476931",2021-04-04 21:34:59,"1300096949471916034","everyone",FALSE,"en","1378823438660476931",FALSE,"https://pbs.twimg.com/profile_images/1524530354215956480/FQqvx-_q_normal.jpg","2020-08-30T15:45:38.000Z",NA,FALSE,NA,NA,"LaporteSandy","Sandy L","Mom of 5. Blessed with many grandkids. The world is a beautiful place !   #VoteBlue in #Roevember for #WomensRights #VotingRights #GunSafety #ClimateCrisis !!!",1,0,0,0,0,3240,5000,6438,3,NA,"#FL #TampaBay #StPetersburg #RedTide  #Florida  #SunshineCoast Governor #DeathSantis  President Biden's new bill will repair our  #Infrastucture If Republicans and #McConnell don't obstruct the process!  https://t.co/0cizn5GT4C",NA
"21","According to the state Department of Environmental Protection, between Aug. 15 and Aug. 17, 2019, and again on Oct. 19, 2019, the St. Pete Beach discharged about 661,726 gallons of untreated wastewater into a storm drain leading into Boca Ciega Bay. . https   www tbnweekly com beaches article_ab2efbc2 cdfc 11eb 8825 83d2d0fa3223 html utm_campaign blox utm_source twitter utm_medium social","1406328696282230784",2021-06-19 19:11:04,"51370388","everyone",FALSE,"en","1406328696282230784",FALSE,"https://pbs.twimg.com/profile_images/1111686519033679872/rF9pNQ7T_normal.png","2009-06-27T06:45:07.000Z",NA,FALSE,NA,"http://t.co/crnbP0rBv6","TBNwebmaster","Tampa Bay Newspapers","Covering news and entertainment in Pinellas County FL",0,0,0,0,0,1521,101,8763,73,NA,"According to the state Department of Environmental Protection, between Aug. 15 and Aug. 17, 2019, and again on Oct. 19, 2019, the St. Pete Beach discharged about 661,726 gallons of untreated wastewater into a storm drain leading into Boca Ciega Bay. https://t.co/bZgpbmvbjX",NA
"22","‚ö†Ô∏è(Graphic Images)‚ö†Ô∏è It's a fish graveyard in southern Pinellas County, from St. Petersburg to Pass-A-Grille Beach.

‚û°Ô∏è Elsa had predominantly SE winds in Tampa Bay. So, the wastewater (&amp; associated dense red tide) near the Piney Point Phosphate mine was blown toward S. Pinellas. . https   twitter com weatherbryan status 1413234107899949059 photo 1","1413234107899949059",2021-07-08 20:30:42,"1452715530","everyone",FALSE,"en","1413234107899949059",FALSE,"https://pbs.twimg.com/profile_images/1376726005419761670/kYF7H8db_normal.jpg","2013-05-23T23:11:40.000Z","Tampa, FL",FALSE,NA,NA,"weatherbryan","Bryan Bennett","Meteorologist, AMS Certified, Emmy awards for coverage of Hurricane Sandy & Irene, Undergrad degree from GT, Graduate degree from MS State.",27,8,33,4,0,3463,692,16925,150,NA,"‚ö†Ô∏è(Graphic Images)‚ö†Ô∏è It's a fish graveyard in southern Pinellas County, from St. Petersburg to Pass-A-Grille Beach.

‚û°Ô∏è Elsa had predominantly SE winds in Tampa Bay. So, the wastewater (&amp; associated dense red tide) near the Piney Point Phosphate mine was blown toward S. Pinellas. https://t.co/sX3C11GlXy",NA
"23","‚û°Ô∏è The primary deadish are pufferfish, catfish, eel, mackerel, pinfish, &amp; goliath grouper.

‚û°Ô∏è I'll be posting a red tide update for Gulf Coast beaches over the next day or two. I'm waiting for, post storm, water samples &amp; satellite images.","1413234107899949059",2021-07-08 20:30:43,"1452715530","everyone",FALSE,"en","1413234109716082689",FALSE,"https://pbs.twimg.com/profile_images/1376726005419761670/kYF7H8db_normal.jpg","2013-05-23T23:11:40.000Z","Tampa, FL",FALSE,NA,NA,"weatherbryan","Bryan Bennett","Meteorologist, AMS Certified, Emmy awards for coverage of Hurricane Sandy & Irene, Undergrad degree from GT, Graduate degree from MS State.",3,0,11,1,0,3466,691,16932,150,"1452715530",NA,"5d231ed8656fcf5a"
"24","@weatherbryan I live in the Maximo area and it reeks. I have to keep incense burning.","1413234107899949059",2021-07-08 20:35:48,"242992278","everyone",FALSE,"en","1413235391201751044",FALSE,"https://pbs.twimg.com/profile_images/1593457458562859008/zrG6nW2-_normal.jpg","2011-01-26T01:59:21.000Z","Tampa Bay",FALSE,"1274868763687563264","https://t.co/Z5HeO4l8lo","sjb127","Peculiar Susan FKA Black Cat Luck","""The real voyage of discovery consists, not in seeking new landscapes, but in having new eyes.""~Proust Sjb127@mastodon.world  https://t.co/zjODExSuw8",0,1,1,0,0,829,631,62863,10,"1452715530",NA,NA
"25","RT @weatherbryan: ‚ö†Ô∏è(Graphic Images)‚ö†Ô∏è It's a fish graveyard in southern Pinellas County, from St. Petersburg to Pass-A-Grille Beach.

‚û°Ô∏è E‚Ä¶","1413253716979949570",2021-07-08 21:48:37,"751811102175064065","everyone",FALSE,"en","1413253716979949570",FALSE,"https://pbs.twimg.com/profile_images/1451641664607604739/2ovGtuQJ_normal.jpg","2016-07-09T16:11:49.000Z","Florida, USA",FALSE,"1583643632804188160",NA,"calusawater","Calusa Waterkeeper","Proud member of Waterkeeper Alliance for #fishable #swimmable #drinkable #cleanwater",27,0,0,0,0,2249,4967,44643,71,NA,"‚ö†Ô∏è(Graphic Images)‚ö†Ô∏è It's a fish graveyard in southern Pinellas County, from St. Petersburg to Pass-A-Grille Beach.

‚û°Ô∏è Elsa had predominantly SE winds in Tampa Bay. So, the wastewater (&amp; associated dense red tide) near the Piney Point Phosphate mine was blown toward S. Pinellas. https://t.co/sX3C11GlXy",NA
"26","RT @weatherbryan: ‚ö†Ô∏è(Graphic Images)‚ö†Ô∏è It's a fish graveyard in southern Pinellas County, from St. Petersburg to Pass-A-Grille Beach.

‚û°Ô∏è E‚Ä¶","1413254297723314179",2021-07-08 21:50:56,"1161269334188183553","everyone",FALSE,"en","1413254297723314179",FALSE,"https://pbs.twimg.com/profile_images/1161271342190268417/CXDmrVyj_normal.png","2019-08-13T13:32:39.000Z","Key West, Florida",FALSE,"1592263868281393152","https://t.co/mdvUNArmgu","DemsKeys","FloridaKeysDems DemCastFL Lead ‚òÆÔ∏è OVFLüíî","True Blue #OneV1 Z25 #DemCast #NDLB #FL26 blog@keysdems.com https://t.co/T98HbQK4Gd‚Ä¶ https://t.co/AroIFD6RqR
New! KeysDems@Masto.ai",27,0,0,0,0,9901,9511,64608,47,NA,"‚ö†Ô∏è(Graphic Images)‚ö†Ô∏è It's a fish graveyard in southern Pinellas County, from St. Petersburg to Pass-A-Grille Beach.

‚û°Ô∏è Elsa had predominantly SE winds in Tampa Bay. So, the wastewater (&amp; associated dense red tide) near the Piney Point Phosphate mine was blown toward S. Pinellas. https://t.co/sX3C11GlXy",NA
"27","RT @weatherbryan: ‚ö†Ô∏è(Graphic Images)‚ö†Ô∏è It's a fish graveyard in southern Pinellas County, from St. Petersburg to Pass-A-Grille Beach.

‚û°Ô∏è E‚Ä¶","1413255387537711105",2021-07-08 21:55:16,"1333735710143164417","everyone",FALSE,"en","1413255387537711105",FALSE,"https://pbs.twimg.com/profile_images/1536130109060665344/vKRVWKwG_normal.jpg","2020-12-01T11:32:39.000Z",NA,FALSE,NA,NA,"GregKimble8","Greg Kimble","Tickets* Development",27,0,0,0,0,118,567,1182,0,NA,"‚ö†Ô∏è(Graphic Images)‚ö†Ô∏è It's a fish graveyard in southern Pinellas County, from St. Petersburg to Pass-A-Grille Beach.

‚û°Ô∏è Elsa had predominantly SE winds in Tampa Bay. So, the wastewater (&amp; associated dense red tide) near the Piney Point Phosphate mine was blown toward S. Pinellas. https://t.co/sX3C11GlXy",NA
"28","RT @weatherbryan: ‚ö†Ô∏è(Graphic Images)‚ö†Ô∏è It's a fish graveyard in southern Pinellas County, from St. Petersburg to Pass-A-Grille Beach.

‚û°Ô∏è E‚Ä¶","1413258337249120256",2021-07-08 22:06:59,"419238022","everyone",FALSE,"en","1413258337249120256",FALSE,"https://pbs.twimg.com/profile_images/1295430075958153219/1ULKH-Td_normal.jpg","2011-11-23T03:48:25.000Z",NA,FALSE,"1403718936265478144",NA,"Tildys","Melissa Longanecker üíî","üíô#Resister üî•#Persister ‚òÆÔ∏è #GunReform üó≥#VotingRights üåé #ClimateAction üñ§ü§é#BLM ‚ôÄÔ∏è#WomensRights üåà#LGBQTüó≥#DemCastFL üó≥ #wtpBLUE üó≥ #DemVoice1üó≥ #ONEV1",27,0,0,0,0,7977,8232,118366,20,NA,"‚ö†Ô∏è(Graphic Images)‚ö†Ô∏è It's a fish graveyard in southern Pinellas County, from St. Petersburg to Pass-A-Grille Beach.

‚û°Ô∏è Elsa had predominantly SE winds in Tampa Bay. So, the wastewater (&amp; associated dense red tide) near the Piney Point Phosphate mine was blown toward S. Pinellas. https://t.co/sX3C11GlXy",NA
"29","RT @weatherbryan: ‚ö†Ô∏è(Graphic Images)‚ö†Ô∏è It's a fish graveyard in southern Pinellas County, from St. Petersburg to Pass-A-Grille Beach.

‚û°Ô∏è E‚Ä¶","1413291999881465856",2021-07-09 00:20:45,"714685684037062656","everyone",FALSE,"en","1413291999881465856",FALSE,"https://pbs.twimg.com/profile_images/777689054565527553/G8TMlONJ_normal.jpg","2016-03-29T05:28:40.000Z",NA,FALSE,NA,NA,"DocClaireP","Claire Phillips","I am a 100% scientist. Discovery and learning is part of life - 3 science degrees Marine Biologist - Lifetime Saint All views my own",27,0,0,0,0,869,539,51815,33,NA,"‚ö†Ô∏è(Graphic Images)‚ö†Ô∏è It's a fish graveyard in southern Pinellas County, from St. Petersburg to Pass-A-Grille Beach.

‚û°Ô∏è Elsa had predominantly SE winds in Tampa Bay. So, the wastewater (&amp; associated dense red tide) near the Piney Point Phosphate mine was blown toward S. Pinellas. https://t.co/sX3C11GlXy",NA
"30","RT @weatherbryan: ‚ö†Ô∏è(Graphic Images)‚ö†Ô∏è It's a fish graveyard in southern Pinellas County, from St. Petersburg to Pass-A-Grille Beach.

‚û°Ô∏è E‚Ä¶","1413294850456363014",2021-07-09 00:32:04,"345698265","everyone",FALSE,"en","1413294850456363014",FALSE,"https://pbs.twimg.com/profile_images/1470074143/orchids_flower-10352_normal.jpg","2011-07-31T01:20:09.000Z",NA,FALSE,NA,NA,"IsabelExposito3","Isabel Exposito","",27,0,0,0,0,55,1018,14116,0,NA,"‚ö†Ô∏è(Graphic Images)‚ö†Ô∏è It's a fish graveyard in southern Pinellas County, from St. Petersburg to Pass-A-Grille Beach.

‚û°Ô∏è Elsa had predominantly SE winds in Tampa Bay. So, the wastewater (&amp; associated dense red tide) near the Piney Point Phosphate mine was blown toward S. Pinellas. https://t.co/sX3C11GlXy",NA
"31","RT @weatherbryan: ‚ö†Ô∏è(Graphic Images)‚ö†Ô∏è It's a fish graveyard in southern Pinellas County, from St. Petersburg to Pass-A-Grille Beach.

‚û°Ô∏è E‚Ä¶","1413299559200174087",2021-07-09 00:50:47,"1013026308220219392","everyone",FALSE,"en","1413299559200174087",FALSE,"https://pbs.twimg.com/profile_images/1013085716346109952/xLGaGhvH_normal.jpg","2018-06-30T11:47:47.000Z",NA,FALSE,NA,NA,"ArleneKoziol","Arlene Koziol","Bird & Conservation Photographer
Volunteer  Madison Audubon Society, Clean Lakes Alliance, Friends UW Lakeshore Nature Preserve",27,0,0,0,0,58,104,717,0,NA,"‚ö†Ô∏è(Graphic Images)‚ö†Ô∏è It's a fish graveyard in southern Pinellas County, from St. Petersburg to Pass-A-Grille Beach.

‚û°Ô∏è Elsa had predominantly SE winds in Tampa Bay. So, the wastewater (&amp; associated dense red tide) near the Piney Point Phosphate mine was blown toward S. Pinellas. https://t.co/sX3C11GlXy",NA
"32","@sjb127 Same here.. Pinellas Point.  I hope the city cleans up the dead fish.. otherwise it's going to get more rank.üò•","1413234107899949059",2021-07-09 01:42:08,"1452715530","everyone",FALSE,"en","1413312480802131973",FALSE,"https://pbs.twimg.com/profile_images/1376726005419761670/kYF7H8db_normal.jpg","2013-05-23T23:11:40.000Z","Tampa, FL",FALSE,NA,NA,"weatherbryan","Bryan Bennett","Meteorologist, AMS Certified, Emmy awards for coverage of Hurricane Sandy & Irene, Undergrad degree from GT, Graduate degree from MS State.",0,1,2,0,0,3466,691,16932,150,"242992278",NA,"5d231ed8656fcf5a"
"33","RT @weatherbryan: ‚ö†Ô∏è(Graphic Images)‚ö†Ô∏è It's a fish graveyard in southern Pinellas County, from St. Petersburg to Pass-A-Grille Beach.

‚û°Ô∏è E‚Ä¶","1413323028201607169",2021-07-09 02:24:02,"326890702","everyone",FALSE,"en","1413323028201607169",FALSE,"https://pbs.twimg.com/profile_images/1210413609886584832/MnK5-OPn_normal.jpg","2011-06-30T17:14:32.000Z","Fort Myers, Florida",TRUE,NA,"https://t.co/NQwsClnAoR","GageGoulding","Gage Goulding - NBC2","Emmy Award Winning Journalist | Reporter - @NBC2/@ABC7SWFL | Past @WTOV9, @KDKA, @RMUSentryMedia |  Story ideas? üì• gage.goulding@nbc-2.com | Tweets are my own.",27,0,0,0,0,28430,3488,44412,90,NA,"‚ö†Ô∏è(Graphic Images)‚ö†Ô∏è It's a fish graveyard in southern Pinellas County, from St. Petersburg to Pass-A-Grille Beach.

‚û°Ô∏è Elsa had predominantly SE winds in Tampa Bay. So, the wastewater (&amp; associated dense red tide) near the Piney Point Phosphate mine was blown toward S. Pinellas. https://t.co/sX3C11GlXy",NA
"34","@weatherbryan So sad!","1413234107899949059",2021-07-09 04:50:45,"93484379","everyone",FALSE,"en","1413359948218650631",FALSE,"https://pbs.twimg.com/profile_images/728273281388810243/ocCf9X0k_normal.jpg","2009-11-29T21:39:05.000Z","Tampa, FL",FALSE,NA,NA,"lwolfe15","Lisa Wolfe","Not using this for friends. That's FB. Instagram for music faves. This for weather stuff. Severe weather junkie here! Love taking pics of storms,clouds, nature",0,1,1,0,0,50,62,1071,0,"1452715530",NA,NA
"35","RT @weatherbryan: ‚ö†Ô∏è(Graphic Images)‚ö†Ô∏è It's a fish graveyard in southern Pinellas County, from St. Petersburg to Pass-A-Grille Beach.

‚û°Ô∏è E‚Ä¶","1413408007061483523",2021-07-09 08:01:43,"32399655","everyone",FALSE,"en","1413408007061483523",FALSE,"https://pbs.twimg.com/profile_images/2599680382/093D5102-740F-4502-B0C9-2837819E1623_normal","2009-04-17T13:17:11.000Z","Lakeland, FL",FALSE,"786636396811415552","https://t.co/XiYh9XeOhR","thewebbix","W·¥∂E·¥ºB·¥±B ‚úåüèº","Beach/RV life ‚Ä¢ Hippie ‚Ä¢ Love People ‚Ä¢ Love Music ‚Ä¢ Every day I wake is a good day, no worry if I don‚Äôt. ‚Ä¢ I LIVE BY: It is what it is. ‚Ä¢ View #NewDayNewChance",27,0,0,0,0,31823,31607,262263,120,NA,"‚ö†Ô∏è(Graphic Images)‚ö†Ô∏è It's a fish graveyard in southern Pinellas County, from St. Petersburg to Pass-A-Grille Beach.

‚û°Ô∏è Elsa had predominantly SE winds in Tampa Bay. So, the wastewater (&amp; associated dense red tide) near the Piney Point Phosphate mine was blown toward S. Pinellas. https://t.co/sX3C11GlXy",NA
"36","RT @weatherbryan: ‚ö†Ô∏è(Graphic Images)‚ö†Ô∏è It's a fish graveyard in southern Pinellas County, from St. Petersburg to Pass-A-Grille Beach.

‚û°Ô∏è E‚Ä¶","1413415918479228928",2021-07-09 08:33:09,"1223745907818221568","everyone",FALSE,"en","1413415918479228928",FALSE,"https://pbs.twimg.com/profile_images/1344117974500847616/DeEW1eJQ_normal.jpg","2020-02-01T23:12:38.000Z","USA",FALSE,NA,NA,"GenXsamantha","genXsamantha ‚òÆÔ∏è","atheist, og gamer, C-PTSD, disabled & denied, mother of Autists,  neurodivergent, tweets to think about across the Entire left. cash app: $sjm724",27,0,0,0,0,3211,4440,65112,3,NA,"‚ö†Ô∏è(Graphic Images)‚ö†Ô∏è It's a fish graveyard in southern Pinellas County, from St. Petersburg to Pass-A-Grille Beach.

‚û°Ô∏è Elsa had predominantly SE winds in Tampa Bay. So, the wastewater (&amp; associated dense red tide) near the Piney Point Phosphate mine was blown toward S. Pinellas. https://t.co/sX3C11GlXy",NA
"37","@lwolfe15 Agreed .. poor fish.üò•üêü

Hope it doesn't linger too long","1413234107899949059",2021-07-09 13:09:42,"1452715530","everyone",FALSE,"en","1413485515257618435",FALSE,"https://pbs.twimg.com/profile_images/1376726005419761670/kYF7H8db_normal.jpg","2013-05-23T23:11:40.000Z","Tampa, FL",FALSE,NA,NA,"weatherbryan","Bryan Bennett","Meteorologist, AMS Certified, Emmy awards for coverage of Hurricane Sandy & Irene, Undergrad degree from GT, Graduate degree from MS State.",0,0,2,0,0,3466,691,16932,150,"93484379",NA,"5d231ed8656fcf5a"
"38","@weatherbryan I‚Äôve never seen it this bad, as in so many large fish.  I don‚Äôt believe they‚Äôve stopped the leak from Piney Point.","1413234107899949059",2021-07-09 13:10:21,"242992278","everyone",FALSE,"en","1413485678944522240",FALSE,"https://pbs.twimg.com/profile_images/1593457458562859008/zrG6nW2-_normal.jpg","2011-01-26T01:59:21.000Z","Tampa Bay",FALSE,"1274868763687563264","https://t.co/Z5HeO4l8lo","sjb127","Peculiar Susan FKA Black Cat Luck","""The real voyage of discovery consists, not in seeking new landscapes, but in having new eyes.""~Proust Sjb127@mastodon.world  https://t.co/zjODExSuw8",0,1,0,0,0,829,631,62863,10,"1452715530",NA,NA
"39","@sjb127 Yeah.. even with the 2017 to 2019 event.. the inner Bay wasn't impacted a ton.

It's sad seeing so many of the Bay's fish dead on the beaches.

Not to mention.. these are our playgrounds as well.","1413234107899949059",2021-07-09 13:14:42,"1452715530","everyone",FALSE,"en","1413486774123470852",FALSE,"https://pbs.twimg.com/profile_images/1376726005419761670/kYF7H8db_normal.jpg","2013-05-23T23:11:40.000Z","Tampa, FL",FALSE,NA,NA,"weatherbryan","Bryan Bennett","Meteorologist, AMS Certified, Emmy awards for coverage of Hurricane Sandy & Irene, Undergrad degree from GT, Graduate degree from MS State.",0,0,2,0,0,3466,691,16932,150,"242992278",NA,"5d231ed8656fcf5a"
"40","RT @weatherbryan: ‚ö†Ô∏è(Graphic Images)‚ö†Ô∏è It's a fish graveyard in southern Pinellas County, from St. Petersburg to Pass-A-Grille Beach.

‚û°Ô∏è E‚Ä¶","1413517466416918535",2021-07-09 15:16:40,"362868822","everyone",FALSE,"en","1413517466416918535",FALSE,"https://pbs.twimg.com/profile_images/2867687160/7ec6757af1d8475f271da5c8ae4a6d29_normal.jpeg","2011-08-27T03:35:29.000Z","Florida",FALSE,NA,NA,"bajablast4014","John Schutz","",27,0,0,0,0,1285,5001,14344,3,NA,"‚ö†Ô∏è(Graphic Images)‚ö†Ô∏è It's a fish graveyard in southern Pinellas County, from St. Petersburg to Pass-A-Grille Beach.

‚û°Ô∏è Elsa had predominantly SE winds in Tampa Bay. So, the wastewater (&amp; associated dense red tide) near the Piney Point Phosphate mine was blown toward S. Pinellas. https://t.co/sX3C11GlXy",NA
"41","RT @weatherbryan: ‚ö†Ô∏è(Graphic Images)‚ö†Ô∏è It's a fish graveyard in southern Pinellas County, from St. Petersburg to Pass-A-Grille Beach.

‚û°Ô∏è E‚Ä¶","1413695144205946884",2021-07-10 03:02:42,"3856305322","everyone",FALSE,"en","1413695144205946884",FALSE,"https://pbs.twimg.com/profile_images/1596951031388274690/Pe52yPsw_normal.jpg","2015-10-03T22:36:15.000Z","Unimatrix Zero ",FALSE,"1611431497441107968",NA,"WildPalmsLtd","ùïÉùï†ùïîùï¶ùï•ùï¶ùï§ ùï†ùïó ùîπùï†ùï£ùïò‚Ñ¢","The time is always now.",27,0,0,0,0,19771,16936,106997,66,NA,"‚ö†Ô∏è(Graphic Images)‚ö†Ô∏è It's a fish graveyard in southern Pinellas County, from St. Petersburg to Pass-A-Grille Beach.

‚û°Ô∏è Elsa had predominantly SE winds in Tampa Bay. So, the wastewater (&amp; associated dense red tide) near the Piney Point Phosphate mine was blown toward S. Pinellas. https://t.co/sX3C11GlXy",NA
"42","RT @weatherbryan: ‚ö†Ô∏è(Graphic Images)‚ö†Ô∏è It's a fish graveyard in southern Pinellas County, from St. Petersburg to Pass-A-Grille Beach.

‚û°Ô∏è E‚Ä¶","1413698207826288644",2021-07-10 03:14:52,"1291529511205388289","everyone",FALSE,"en","1413698207826288644",FALSE,"https://pbs.twimg.com/profile_images/1544460974127828994/-t_KDbAX_normal.jpg","2020-08-07T00:23:45.000Z","New Mexico, USA",FALSE,"1595311096516136960",NA,"CallMeSignaUra","Signaüåàüê±üê∂üêéü¶¨‚ößÔ∏èüé∂üôàüôâüôä","‚òÆ40yr R but against New GOP, Country over party. No DMs, Won't engage MAGAts or bots just Block.
VOTE LIKE YOUR LIFE DEPENDS ON IT, BECAUSE IT DOES. VOTE üíôüõë‚ù§Ô∏è",27,0,0,0,0,4719,4943,99004,7,NA,"‚ö†Ô∏è(Graphic Images)‚ö†Ô∏è It's a fish graveyard in southern Pinellas County, from St. Petersburg to Pass-A-Grille Beach.

‚û°Ô∏è Elsa had predominantly SE winds in Tampa Bay. So, the wastewater (&amp; associated dense red tide) near the Piney Point Phosphate mine was blown toward S. Pinellas. https://t.co/sX3C11GlXy",NA
"43","RT @weatherbryan: ‚ö†Ô∏è(Graphic Images)‚ö†Ô∏è It's a fish graveyard in southern Pinellas County, from St. Petersburg to Pass-A-Grille Beach.

‚û°Ô∏è E‚Ä¶","1413719124211953666",2021-07-10 04:37:59,"41047519","everyone",FALSE,"en","1413719124211953666",FALSE,"https://pbs.twimg.com/profile_images/2205886702/Wink_Icon_normal.jpg","2009-05-19T03:42:40.000Z","California",FALSE,NA,NA,"AMiceMarina","Aida Marina üá∫üá¶ ‚òÆÔ∏è We‚Äôve NEVER Needed The RICH","One Of Many. üññ""Infinite Diversity in Infinite Combinations"" üññ Protect All Animals & Helpless Beings. ‚úäüêæüññ  AntiTrump to 100th power. #BLM #Climate #Uvalde",27,0,0,0,0,3018,4996,255344,27,NA,"‚ö†Ô∏è(Graphic Images)‚ö†Ô∏è It's a fish graveyard in southern Pinellas County, from St. Petersburg to Pass-A-Grille Beach.

‚û°Ô∏è Elsa had predominantly SE winds in Tampa Bay. So, the wastewater (&amp; associated dense red tide) near the Piney Point Phosphate mine was blown toward S. Pinellas. https://t.co/sX3C11GlXy",NA
"44","RT @weatherbryan: ‚ö†Ô∏è(Graphic Images)‚ö†Ô∏è It's a fish graveyard in southern Pinellas County, from St. Petersburg to Pass-A-Grille Beach.

‚û°Ô∏è E‚Ä¶","1413871189169217550",2021-07-10 14:42:14,"35241769","everyone",FALSE,"en","1413871189169217550",FALSE,"https://pbs.twimg.com/profile_images/2363606055/oz9pE_normal.jpg","2009-04-25T15:58:22.000Z","St Pete Beach, FL",FALSE,NA,NA,"Steeler_Kim","Steeler Kim","Beach Life üèù, Steeler fan üñ§üíõ, Student Bagpiper üéµ, Straight Allyüè≥Ô∏è‚Äçüåà, supporter of Women‚Äôs Sports ü§∏‚Äç‚ôÇÔ∏è",27,0,0,0,0,1351,816,16403,48,NA,"‚ö†Ô∏è(Graphic Images)‚ö†Ô∏è It's a fish graveyard in southern Pinellas County, from St. Petersburg to Pass-A-Grille Beach.

‚û°Ô∏è Elsa had predominantly SE winds in Tampa Bay. So, the wastewater (&amp; associated dense red tide) near the Piney Point Phosphate mine was blown toward S. Pinellas. https://t.co/sX3C11GlXy",NA
"45","@weatherbryan Hey Bryan did you guys run any drone passes this week? Went to Madeira yesterday and the water was the worst I‚Äôve ever seen. So much debris (I imagine from Elsa) along with red tide. Wondering if it‚Äôs that bad (or even worse) everywhere else","1413234107899949059",2021-07-10 15:59:17,"901448192373530624","everyone",FALSE,"en","1413890580640378883",FALSE,"https://pbs.twimg.com/profile_images/901573915650248704/zd4U0kHF_normal.jpg","2017-08-26T14:16:11.000Z",NA,FALSE,NA,NA,"skymofly","Skyler","",0,1,0,0,0,21,69,104,0,"1452715530",NA,NA
"46","RT @weatherbryan: ‚ö†Ô∏è(Graphic Images)‚ö†Ô∏è It's a fish graveyard in southern Pinellas County, from St. Petersburg to Pass-A-Grille Beach.

‚û°Ô∏è E‚Ä¶","1413902447995654145",2021-07-10 16:46:27,"1616737380","everyone",FALSE,"en","1413902447995654145",FALSE,"https://pbs.twimg.com/profile_images/1328357693497683968/yIdFzUY3_normal.jpg","2013-07-24T03:55:34.000Z","New York, NY",FALSE,"1485231375712243715",NA,"TheKingNellie","TheKingNellie","Lets Go Mets, Go Blue, Lets go Knicks. Alter sports ego of @dnels113",27,0,0,0,0,30,164,665,0,NA,"‚ö†Ô∏è(Graphic Images)‚ö†Ô∏è It's a fish graveyard in southern Pinellas County, from St. Petersburg to Pass-A-Grille Beach.

‚û°Ô∏è Elsa had predominantly SE winds in Tampa Bay. So, the wastewater (&amp; associated dense red tide) near the Piney Point Phosphate mine was blown toward S. Pinellas. https://t.co/sX3C11GlXy",NA
"47","@weatherbryan Same here in the Pink Streets. üò¢ https://t.co/iotUkFvhAu","1413234107899949059",2021-07-10 17:46:19,"4872028557","everyone",FALSE,"en","1413917513646284802",FALSE,"https://pbs.twimg.com/profile_images/1610896697873371136/8LrgScQE_normal.jpg","2016-02-02T16:39:07.000Z","Florida, NJ",FALSE,"924396893240774656",NA,"SweetStPete","SweetStPete üá®üá¶üá∫üá≤üíôüï∂Ô∏è","Transitioning to Post before this account is gone. Elmo has crossed all the red lines! Hope to see everyone there!
Please follow at https://t.co/uvIO9DQwV9",1,0,2,0,0,2785,3595,11533,2,"1452715530",NA,NA
"48","@skymofly Skyler .. I haven't flown Madeira yet this week. Thanks for info, I'm heading to the area now...","1413234107899949059",2021-07-10 23:07:03,"1452715530","everyone",FALSE,"en","1413998228660539394",FALSE,"https://pbs.twimg.com/profile_images/1376726005419761670/kYF7H8db_normal.jpg","2013-05-23T23:11:40.000Z","Tampa, FL",FALSE,NA,NA,"weatherbryan","Bryan Bennett","Meteorologist, AMS Certified, Emmy awards for coverage of Hurricane Sandy & Irene, Undergrad degree from GT, Graduate degree from MS State.",0,0,1,0,0,3466,691,16932,150,"901448192373530624",NA,"5d231ed8656fcf5a"
"49","@weatherbryan There are scores of dead sting rays in Bayboro Harbor near the USF St Pete campusüò©","1413234107899949059",2021-07-11 10:28:15,"479904058","everyone",FALSE,"en","1414169661047033857",FALSE,"https://pbs.twimg.com/profile_images/378800000101605760/f7cd7e5505f8ff983189740693a24b30_normal.jpeg","2012-01-31T22:19:44.000Z","St Petersburg, FL",FALSE,NA,NA,"NittanyLion001","Joey Mingione","Penn Stater 4Ever. New Castle PA born St Pete Florida‚Äôs #1 fan. Leo‚Äôs dadüòäüçïüá∫üá∏üåéüê¨",0,1,2,0,0,134,748,551,1,"1452715530",NA,NA
"50","@NittanyLion001 So sad. Sting rays seem to only perish if red tide is at extreme concentrations.

It looks like I can go to the corner of the USF campus to observe.

You saw the deceased sting rays this morning? https://t.co/krVR77nOdy","1413234107899949059",2021-07-11 14:09:47,"1452715530","everyone",FALSE,"en","1414225410460635136",FALSE,"https://pbs.twimg.com/profile_images/1376726005419761670/kYF7H8db_normal.jpg","2013-05-23T23:11:40.000Z","Tampa, FL",FALSE,NA,NA,"weatherbryan","Bryan Bennett","Meteorologist, AMS Certified, Emmy awards for coverage of Hurricane Sandy & Irene, Undergrad degree from GT, Graduate degree from MS State.",1,1,2,0,0,3466,691,16932,150,"479904058",NA,"5d231ed8656fcf5a"
"51","@weatherbryan This is so sad. I know it‚Äôs a normal occurrence. But this is mostly man made. I hope whomever caused that spill, gets fined! üò≠üê¨üê†üê°","1413234107899949059",2021-07-11 14:31:15,"4897164460","everyone",FALSE,"en","1414230814175502338",FALSE,"https://pbs.twimg.com/profile_images/1581459591845421056/83E_kRSE_normal.jpg","2016-02-11T06:54:25.000Z","Toledo, OH",FALSE,NA,NA,"LynnWhiteford1","Lynn Rosebrock","photographer, beach bum, weather geek",1,1,2,0,0,92,441,1476,3,"1452715530",NA,"01833b183bff6006"
"52","@weatherbryan I saw them Saturday morning.","1413234107899949059",2021-07-11 19:59:36,"479904058","everyone",FALSE,"en","1414313443662995456",FALSE,"https://pbs.twimg.com/profile_images/378800000101605760/f7cd7e5505f8ff983189740693a24b30_normal.jpeg","2012-01-31T22:19:44.000Z","St Petersburg, FL",FALSE,NA,NA,"NittanyLion001","Joey Mingione","Penn Stater 4Ever. New Castle PA born St Pete Florida‚Äôs #1 fan. Leo‚Äôs dadüòäüçïüá∫üá∏üåéüê¨",0,0,0,0,0,134,748,551,1,"1452715530",NA,NA
"53","@NittanyLion001 Thanks.. I headed out there this afternoon. I also saw a ton of dead sting rays and bonnet head sharks too. üòê  So sad (and gross) https://t.co/a9zCxUuvQB","1413234107899949059",2021-07-12 02:03:39,"1452715530","everyone",FALSE,"en","1414405060239544322",FALSE,"https://pbs.twimg.com/profile_images/1376726005419761670/kYF7H8db_normal.jpg","2013-05-23T23:11:40.000Z","Tampa, FL",FALSE,NA,NA,"weatherbryan","Bryan Bennett","Meteorologist, AMS Certified, Emmy awards for coverage of Hurricane Sandy & Irene, Undergrad degree from GT, Graduate degree from MS State.",0,0,6,0,0,3466,691,16932,150,"479904058",NA,NA
"54","RT @weatherbryan: ‚ö†Ô∏è(Graphic Images)‚ö†Ô∏è It's a fish graveyard in southern Pinellas County, from St. Petersburg to Pass-A-Grille Beach.

‚û°Ô∏è E‚Ä¶","1414575407337115660",2021-07-12 13:20:33,"888595295164026880","everyone",FALSE,"en","1414575407337115660",FALSE,"https://pbs.twimg.com/profile_images/1305499020148617216/XsuEQXb1_normal.jpg","2017-07-22T03:03:22.000Z","San Diego, CA",FALSE,"1131277770305097728",NA,"BirdDinners","PoliticalBirdDinners ‚ìã üêÄ","I like to get stoned and make my birds' dinners into political scenes. It's very therapeutic to watch the trumps get shredded by beaks and talons. #BidenHarris",27,0,0,0,0,1739,2885,70490,4,NA,"‚ö†Ô∏è(Graphic Images)‚ö†Ô∏è It's a fish graveyard in southern Pinellas County, from St. Petersburg to Pass-A-Grille Beach.

‚û°Ô∏è Elsa had predominantly SE winds in Tampa Bay. So, the wastewater (&amp; associated dense red tide) near the Piney Point Phosphate mine was blown toward S. Pinellas. https://t.co/sX3C11GlXy",NA
"55","RT @weatherbryan: ‚ö†Ô∏è(Graphic Images)‚ö†Ô∏è It's a fish graveyard in southern Pinellas County, from St. Petersburg to Pass-A-Grille Beach.

‚û°Ô∏è E‚Ä¶","1414576592391610368",2021-07-12 13:25:15,"30586620","everyone",FALSE,"en","1414576592391610368",FALSE,"https://pbs.twimg.com/profile_images/1605392600936349697/8dHnRWIq_normal.jpg","2009-04-12T02:55:24.000Z","United States",FALSE,"1608001581345280003","https://t.co/OZpaJ11OfG","takemusu","RoverStoker @ sfba social ‚ùÑÔ∏èüõπüá∫üá¶‚ú°Ô∏è","Volunteer 4 @BarackObama @GavinNewsom @POTUS @ossoff ü©∏ü¶∑ @BetoORourke Yang Style Tai Chi ‚öî,üö´DM 1st generation  üá∫üá¶ also on IG & Mastodon",27,0,0,0,0,11725,12897,324106,11,NA,"‚ö†Ô∏è(Graphic Images)‚ö†Ô∏è It's a fish graveyard in southern Pinellas County, from St. Petersburg to Pass-A-Grille Beach.

‚û°Ô∏è Elsa had predominantly SE winds in Tampa Bay. So, the wastewater (&amp; associated dense red tide) near the Piney Point Phosphate mine was blown toward S. Pinellas. https://t.co/sX3C11GlXy",NA
"56","RT @weatherbryan: ‚ö†Ô∏è(Graphic Images)‚ö†Ô∏è It's a fish graveyard in southern Pinellas County, from St. Petersburg to Pass-A-Grille Beach.

‚û°Ô∏è E‚Ä¶","1414577168886243333",2021-07-12 13:27:33,"1463364228","everyone",FALSE,"en","1414577168886243333",FALSE,"https://pbs.twimg.com/profile_images/949292683733979136/25tm4FPU_normal.jpg","2013-05-27T23:38:42.000Z","where hope and peace collide ",FALSE,"949668198214979589",NA,"GoshenBLB","Brenda","karma can take care of many problems. As for the rest, you have to work towards the solution. #InvisibleIllness #StrongerTogether #TimesUp #Husky #Resist üåà",27,0,0,0,0,891,757,51385,9,NA,"‚ö†Ô∏è(Graphic Images)‚ö†Ô∏è It's a fish graveyard in southern Pinellas County, from St. Petersburg to Pass-A-Grille Beach.

‚û°Ô∏è Elsa had predominantly SE winds in Tampa Bay. So, the wastewater (&amp; associated dense red tide) near the Piney Point Phosphate mine was blown toward S. Pinellas. https://t.co/sX3C11GlXy",NA
"57","RT @weatherbryan: ‚ö†Ô∏è(Graphic Images)‚ö†Ô∏è It's a fish graveyard in southern Pinellas County, from St. Petersburg to Pass-A-Grille Beach.

‚û°Ô∏è E‚Ä¶","1414582355583451138",2021-07-12 13:48:09,"1101222204","everyone",FALSE,"en","1414582355583451138",FALSE,"https://pbs.twimg.com/profile_images/1589695866939531264/Nvg4DtlV_normal.jpg","2013-01-18T15:19:34.000Z","Vienna, Austria",FALSE,"1532787829016862721",NA,"e2dot7182818284","üá∫üá¶Proud European from Austriaüá™üá∫üá¶üáπ üåèüá∫üá¶","Austria in EU. Geek. Science aficionado Political to the bone. Psychology-Physics. History teaches us Future needs to be imagined Optimist! #ADHD",27,0,0,0,0,3533,4999,440693,40,NA,"‚ö†Ô∏è(Graphic Images)‚ö†Ô∏è It's a fish graveyard in southern Pinellas County, from St. Petersburg to Pass-A-Grille Beach.

‚û°Ô∏è Elsa had predominantly SE winds in Tampa Bay. So, the wastewater (&amp; associated dense red tide) near the Piney Point Phosphate mine was blown toward S. Pinellas. https://t.co/sX3C11GlXy",NA
"58","@LynnWhiteford1 @weatherbryan As an observer from afar: It shouldn't be. 
If the water isn't healthy for fish, can that be absolutely completely harmless for humans????","1413234107899949059",2021-07-12 13:54:47,"1101222204","everyone",FALSE,"en","1414584024698392580",FALSE,"https://pbs.twimg.com/profile_images/1589695866939531264/Nvg4DtlV_normal.jpg","2013-01-18T15:19:34.000Z","Vienna, Austria",FALSE,"1532787829016862721",NA,"e2dot7182818284","üá∫üá¶Proud European from Austriaüá™üá∫üá¶üáπ üåèüá∫üá¶","Austria in EU. Geek. Science aficionado Political to the bone. Psychology-Physics. History teaches us Future needs to be imagined Optimist! #ADHD",0,1,2,0,0,3535,4999,442256,40,"4897164460",NA,NA
"59","@E2dot7182818284 @LynnWhiteford1 @weatherbryan It definitely is harmful to humans as well https://t.co/psMOexqfRr","1413234107899949059",2021-07-13 00:45:59,"2685244597","everyone",FALSE,"en","1414747902543491096",FALSE,"https://pbs.twimg.com/profile_images/1271669351901392896/pdgi2CWA_normal.jpg","2014-07-27T14:44:53.000Z","Texpatriate in PNW",FALSE,"1403838446553108482",NA,"tweetheartsue","Texpatriot","First language: sarcasm. Political affiliation: humanity. Religious affiliation: coffee.",0,1,2,0,0,948,670,25224,0,"1101222204",NA,NA
"60","RT @weatherbryan: ‚ö†Ô∏è(Graphic Images)‚ö†Ô∏è It's a fish graveyard in southern Pinellas County, from St. Petersburg to Pass-A-Grille Beach.

‚û°Ô∏è E‚Ä¶","1414757852749705223",2021-07-13 01:25:31,"721462490899574785","everyone",FALSE,"en","1414757852749705223",FALSE,"https://pbs.twimg.com/profile_images/1332487058443689985/GOQ382Ly_normal.jpg","2016-04-16T22:17:16.000Z",NA,FALSE,"1146454506915471360",NA,"HeReignsOO","HeReigns","",27,0,0,0,0,89,181,574,0,NA,"‚ö†Ô∏è(Graphic Images)‚ö†Ô∏è It's a fish graveyard in southern Pinellas County, from St. Petersburg to Pass-A-Grille Beach.

‚û°Ô∏è Elsa had predominantly SE winds in Tampa Bay. So, the wastewater (&amp; associated dense red tide) near the Piney Point Phosphate mine was blown toward S. Pinellas. https://t.co/sX3C11GlXy",NA
"61","@RyanFSloane Yes.. that's fine","1413234107899949059",2021-07-13 03:46:04,"1452715530","everyone",FALSE,"en","1414793221033578497",FALSE,"https://pbs.twimg.com/profile_images/1376726005419761670/kYF7H8db_normal.jpg","2013-05-23T23:11:40.000Z","Tampa, FL",FALSE,NA,NA,"weatherbryan","Bryan Bennett","Meteorologist, AMS Certified, Emmy awards for coverage of Hurricane Sandy & Irene, Undergrad degree from GT, Graduate degree from MS State.",0,0,0,0,0,3466,691,16932,150,"22076537",NA,"5d231ed8656fcf5a"
"62","@tweetheartsue @LynnWhiteford1 @weatherbryan üò¢üò¢üò¢","1413234107899949059",2021-07-13 04:39:09,"1101222204","everyone",FALSE,"und","1414806579703173125",FALSE,"https://pbs.twimg.com/profile_images/1589695866939531264/Nvg4DtlV_normal.jpg","2013-01-18T15:19:34.000Z","Vienna, Austria",FALSE,"1532787829016862721",NA,"e2dot7182818284","üá∫üá¶Proud European from Austriaüá™üá∫üá¶üáπ üåèüá∫üá¶","Austria in EU. Geek. Science aficionado Political to the bone. Psychology-Physics. History teaches us Future needs to be imagined Optimist! #ADHD",0,0,0,0,0,3535,4999,442256,40,"2685244597",NA,NA
"63","@weatherbryan Normal occurance?? Where do they think the poison is going to go? Will that area every populate with fish? It's a crime","1413234107899949059",2021-07-17 03:51:13,"3388354632","everyone",FALSE,"en","1416244068590317569",FALSE,"https://pbs.twimg.com/profile_images/1315321720656392193/SroHiMv8_normal.jpg","2015-08-30T03:27:03.000Z",NA,FALSE,NA,NA,"HemlockLocks","Locks Hemlock","",0,0,0,0,0,11,49,54,0,"1452715530",NA,NA
"64","RT @weatherbryan: ‚ö†Ô∏è(Graphic Images)‚ö†Ô∏è It's a fish graveyard in southern Pinellas County, from St. Petersburg to Pass-A-Grille Beach.

‚û°Ô∏è E‚Ä¶","1416618210246512642",2021-07-18 04:37:55,"187046028","everyone",FALSE,"en","1416618210246512642",FALSE,"https://pbs.twimg.com/profile_images/1060713203418779649/GylAJ0Qp_normal.jpg","2010-09-05T03:11:16.000Z",NA,FALSE,NA,NA,"kismet887","Just Christy üåä‚òÆüåé","Love birds, animals, nature. Save our planet üåé 
Zero tolerance for corrupt pols & liars.",27,0,0,0,0,155,1631,59137,1,NA,"‚ö†Ô∏è(Graphic Images)‚ö†Ô∏è It's a fish graveyard in southern Pinellas County, from St. Petersburg to Pass-A-Grille Beach.

‚û°Ô∏è Elsa had predominantly SE winds in Tampa Bay. So, the wastewater (&amp; associated dense red tide) near the Piney Point Phosphate mine was blown toward S. Pinellas. https://t.co/sX3C11GlXy",NA
"65","RT @weatherbryan: ‚ö†Ô∏è(Graphic Images)‚ö†Ô∏è It's a fish graveyard in southern Pinellas County, from St. Petersburg to Pass-A-Grille Beach.

‚û°Ô∏è E‚Ä¶","1416630745280487424",2021-07-18 05:27:44,"14579761","everyone",FALSE,"en","1416630745280487424",FALSE,"https://pbs.twimg.com/profile_images/1265679801542742023/nxQ9iWor_normal.jpg","2008-04-29T03:16:26.000Z","Florida, USA",FALSE,NA,"https://t.co/pepVc772WI","FloridaFunNSun","Florida, USA","The official Twitter account of Florida, USA. Join us to see travel, fun & places to stay, play and enjoy!",27,0,0,0,0,1520,2106,3376,15,NA,"‚ö†Ô∏è(Graphic Images)‚ö†Ô∏è It's a fish graveyard in southern Pinellas County, from St. Petersburg to Pass-A-Grille Beach.

‚û°Ô∏è Elsa had predominantly SE winds in Tampa Bay. So, the wastewater (&amp; associated dense red tide) near the Piney Point Phosphate mine was blown toward S. Pinellas. https://t.co/sX3C11GlXy",NA
"66","RT @weatherbryan: ‚ö†Ô∏è(Graphic Images)‚ö†Ô∏è It's a fish graveyard in southern Pinellas County, from St. Petersburg to Pass-A-Grille Beach.

‚û°Ô∏è E‚Ä¶","1416774613955072002",2021-07-18 14:59:25,"803078648416739328","everyone",FALSE,"en","1416774613955072002",FALSE,"https://pbs.twimg.com/profile_images/824630782304014337/B9Ot7oo4_normal.jpg","2016-11-28T03:30:45.000Z","SF bay area, CA, United States",FALSE,NA,NA,"Marianichka","Mariana","she/her Scientist, reader, trying to be steward of the earth, people person, sees through rose colored glasses, proud American who wants to make it better 4 all",27,0,0,0,0,22,312,1222,0,NA,"‚ö†Ô∏è(Graphic Images)‚ö†Ô∏è It's a fish graveyard in southern Pinellas County, from St. Petersburg to Pass-A-Grille Beach.

‚û°Ô∏è Elsa had predominantly SE winds in Tampa Bay. So, the wastewater (&amp; associated dense red tide) near the Piney Point Phosphate mine was blown toward S. Pinellas. https://t.co/sX3C11GlXy",NA
"67","74,500 gallons of wastewater spill into Pinellas County‚Äôs Boca Ciega Bay . https   www tampabay com news breaking news 2021 08 23 74500 gallons of wastewater spill into pinellas countys boca ciega bay","1430006227921162240",2021-08-24 03:17:07,"19196229","everyone",FALSE,"en","1430006227921162240",FALSE,"https://pbs.twimg.com/profile_images/1014583621284491266/PN4gIDuz_normal.jpg","2009-01-19T19:01:45.000Z","Tampa Bay, Florida",TRUE,NA,"https://t.co/z98NMdYgYi","tbtnewspaper","tbt*","Tampa Bay's free weekly newspaper. A product of @TB_Times, Florida's largest and best newspaper. Read the latest issue at https://t.co/9uZ49Z2ozw",2,2,1,2,0,106882,506,60500,614,NA,"74,500 gallons of wastewater spill into Pinellas County‚Äôs Boca Ciega Bay https://t.co/LiQBZEpchb",NA
"68","@tbtnewspaper More mismanagement under Desantis. #Coronavirus, #CondoCollapse, environmental disasters, it doesn't matter, his Florida has them all and it's open for business, damn the consequences. #Pythons are low priority, the alligators eat them. #FloridaMan","1430006227921162240",2021-08-24 03:23:11,"1384199470645014536","everyone",FALSE,"en","1430007752114462723",FALSE,"https://pbs.twimg.com/profile_images/1609937884630360070/jLUs4bIa_normal.jpg","2021-04-19T17:37:50.000Z","2023/2043/2123 time dependent",FALSE,"1609206670051139585","https://t.co/XLebfjxZrt","gvnzng","Gvnzng - personification of chaos - Time Traveler","My Future Self invented time travel in 2041, and contacted me. What kind of problems do you have? A Youtube? Take me back to 2005! https://t.co/zF3T04o02M",0,1,0,0,0,96,193,4549,1,"19196229",NA,NA
"69","RT @tbtnewspaper: 74,500 gallons of wastewater spill into Pinellas County‚Äôs Boca Ciega Bay https://t.co/LiQBZEpchb","1430010986392604681",2021-08-24 03:36:02,"360138721","everyone",FALSE,"en","1430010986392604681",FALSE,"https://pbs.twimg.com/profile_images/1285712411778076679/yPLaRn8K_normal.jpg","2011-08-22T19:03:58.000Z",NA,FALSE,"1558105369595023361",NA,"FaveAuntieT","T","Another opinionated Twitter user also known as T. üçäüå¥",2,0,0,0,0,516,248,232924,24,NA,"74,500 gallons of wastewater spill into Pinellas County‚Äôs Boca Ciega Bay https://t.co/LiQBZEpchb",NA
"70","@gvnzng @tbtnewspaper I call bullüí©! This is on the City of St Pete. Point your judgey finger at Kriseman.","1430006227921162240",2021-08-24 04:08:36,"742398535728025600","everyone",FALSE,"en","1430019182565937160",FALSE,"https://pbs.twimg.com/profile_images/1404283307194568704/0roMZI1d_normal.jpg","2016-06-13T16:49:38.000Z",NA,FALSE,"1406244822764171268",NA,"SunnyRae123","Rebel Rae","Resist the progressive globalism/tyranny! ‚ù§Ô∏èüá∫üá∏ Patriot, Love Jesus, Liberty and my family. Business owner. Save America! ‚ù§Ô∏è my FREE state of FL! üå¥üçä",0,0,0,0,0,133,882,3231,3,"1384199470645014536",NA,NA
"71","74,500 gallons of wastewater spill into Pinellas County‚Äôs Boca Ciega Bay . https   www tampabay com news breaking news 2021 08 23 74500 gallons of wastewater spill into pinellas countys boca ciega bay","1430049050875899953",2021-08-24 06:07:17,"1060300261","everyone",FALSE,"en","1430049050875899953",FALSE,"https://pbs.twimg.com/profile_images/1593788542840442880/ovaEBAZs_normal.jpg","2013-01-04T12:06:07.000Z",NA,FALSE,"1611303590173315073","https://t.co/XbtOCn5QF0","FloLake","Maximum News 24 On HIATUS","Activist‚Ä¶‚Ä¶..Democrat‚Ä¶..No War. . . . BLM‚Ä¶ Lapsed writer‚Ä¶‚Ä¶‚Ä¶‚Ä¶‚Ä¶‚Ä¶‚Ä¶‚Ä¶‚Ä¶‚Ä¶‚Ä¶‚Ä¶..‚ú°Ô∏è‚Ä¶‚Ä¶‚Ä¶‚Ä¶‚Ä¶‚Ä¶‚Ä¶‚Ä¶‚Ä¶‚Ä¶üö´Bitüö´Shitüö´DMsüö´",0,0,0,0,0,12597,12402,302805,16,NA,"74,500 gallons of wastewater spill into Pinellas County‚Äôs Boca Ciega Bay https://t.co/qpAcgGPp8V",NA
"72","Another red tide feeder . https   www tampabay com news breaking news 2021 08 23 74500 gallons of wastewater spill into pinellas countys boca ciega bay","1430130037018316817",2021-08-24 11:29:06,"20531217","everyone",FALSE,"en","1430130037018316817",FALSE,"https://pbs.twimg.com/profile_images/526949964170420224/S9rZeR-j_normal.jpeg","2009-02-10T18:10:44.000Z","Florida",FALSE,NA,NA,"ntobias1","Noel","Living the life here in FL",0,0,0,0,0,262,655,1561,0,NA,"Another red tide feeder https://t.co/122DqJ4iiE",NA
"73","Crews currently are conducting water testing to gauge the water quality of the bay.
. https   www tampabay com news breaking news 2021 08 23 74500 gallons of wastewater spill into pinellas countys boca ciega bay","1430130902974222337",2021-08-24 11:32:32,"14304462","everyone",FALSE,"en","1430130902974222337",FALSE,"https://pbs.twimg.com/profile_images/1066713591246725120/wFmoB0Xs_normal.jpg","2008-04-04T17:14:50.000Z","St. Petersburg, Florida",TRUE,"1593648689536413696","https://t.co/cGIDc1tNIf","TB_Times","Tampa Bay Times","Florida's largest newspaper with 14 Pulitzer Prizes. Have story ideas or tips? DM us. Support our local journalism: https://t.co/9cTNKzUWzN",7,6,13,1,0,318998,5491,266363,3115,NA,"Crews currently are conducting water testing to gauge the water quality of the bay.
https://t.co/xpOm9shg7P",NA
"74","RT @TB_Times: Crews currently are conducting water testing to gauge the water quality of the bay.
https://t.co/xpOm9shg7P","1430133296474775553",2021-08-24 11:42:03,"1190802045630070784","everyone",FALSE,"en","1430133296474775553",FALSE,"https://pbs.twimg.com/profile_images/1523610403426742273/3jWf2_HM_normal.jpg","2019-11-03T01:25:44.000Z","my governor is a Russian asset",FALSE,NA,NA,"larrymeme_s","I meme therefore I am","Enough of idiots. Blocked by Rudy, ambulance chaser Jena Ellis, Russian asset Christina Pushaw and Loser James Woods, for spreading truth unit they feel it.",7,0,0,0,0,1587,1556,72977,23,NA,"Crews currently are conducting water testing to gauge the water quality of the bay.
https://t.co/xpOm9shg7P",NA
"75","@TB_Times Florida.. Kill Kill Kill","1430130902974222337",2021-08-24 11:43:28,"1190802045630070784","everyone",FALSE,"en","1430133653875658753",FALSE,"https://pbs.twimg.com/profile_images/1523610403426742273/3jWf2_HM_normal.jpg","2019-11-03T01:25:44.000Z","my governor is a Russian asset",FALSE,NA,NA,"larrymeme_s","I meme therefore I am","Enough of idiots. Blocked by Rudy, ambulance chaser Jena Ellis, Russian asset Christina Pushaw and Loser James Woods, for spreading truth unit they feel it.",0,0,0,0,0,1581,1557,72952,23,"14304462",NA,NA
"76","RT @TB_Times: Crews currently are conducting water testing to gauge the water quality of the bay.
https://t.co/xpOm9shg7P","1430133919324819480",2021-08-24 11:44:31,"402051331","everyone",FALSE,"en","1430133919324819480",FALSE,"https://pbs.twimg.com/profile_images/1440012321171124228/xOAZJEHz_normal.jpg","2011-10-31T13:39:32.000Z","Orlando, FL",FALSE,NA,NA,"Champa4Us","Champa Girl~She/Her","Retired from the Champa Shop(my spiritual birthplace)
Tree hugging Earthling
Love NBA, College Fast Pitch Softball
 & every song written by Jerry & Robert
NFA~",7,0,0,0,0,1451,1504,68187,65,NA,"Crews currently are conducting water testing to gauge the water quality of the bay.
https://t.co/xpOm9shg7P",NA
"77","RT @TB_Times: Crews currently are conducting water testing to gauge the water quality of the bay.
https://t.co/xpOm9shg7P","1430134608029433859",2021-08-24 11:47:15,"807932378","everyone",TRUE,"en","1430134608029433859",FALSE,"https://pbs.twimg.com/profile_images/1082771089527312384/H5DFLPPi_normal.jpg","2012-09-07T01:16:59.000Z",NA,FALSE,"1558089052049506307",NA,"rickicrat","RickiRat","interested. not interesting.",7,0,0,0,0,153,963,17997,1,NA,"Crews currently are conducting water testing to gauge the water quality of the bay.
https://t.co/xpOm9shg7P",NA
"78","@TB_Times Enough, St. Pete! It‚Äôs time to take these sewage snd other spills seriously and spend the infrastructure money required to make permanent fixes. Tourists do not want to swim in waste water and neither do locals.","1430130902974222337",2021-08-24 11:47:47,"58055775","everyone",FALSE,"en","1430134741378928641",FALSE,"https://pbs.twimg.com/profile_images/1480723287789473801/Zbut9yHi_normal.jpg","2009-07-18T23:00:51.000Z",NA,FALSE,"1126866482288373761",NA,"GinaRClark","G~","Since I don‚Äôt have a dog, I take my existential angst out for a walk. Make me laugh & I‚Äôm your friend forever #RA #Movies #TV ‚úåüèΩ",0,0,1,0,0,1680,2079,29511,77,"14304462",NA,NA
"79","RT @TB_Times: Crews currently are conducting water testing to gauge the water quality of the bay.
https://t.co/xpOm9shg7P","1430138436271366147",2021-08-24 12:02:28,"1027514301295329280","everyone",FALSE,"en","1430138436271366147",FALSE,"https://pbs.twimg.com/profile_images/1539499268028899328/TWya90WN_normal.jpg","2018-08-09T11:17:54.000Z","5.) Detox ü§ç",FALSE,"1593003989947535360",NA,"SiweKubheka","siwekubheka|| Gazeboüíúü¶ãüíô","|| JHB, SAüáøüá¶üíú|| She/herüíú/21/ || Only time I feel inspired is when I'm swervin' through my town . ~ @jackharlowüíú///Aspiring Music Journalistüíú // @5sos",7,0,0,0,0,74,383,90056,0,NA,"Crews currently are conducting water testing to gauge the water quality of the bay.
https://t.co/xpOm9shg7P",NA
"80","@TB_Times Good job Pinellas.","1430130902974222337",2021-08-24 13:15:55,"1857157704","everyone",FALSE,"en","1430156920829194247",FALSE,"https://pbs.twimg.com/profile_images/1280482594774269952/7F1X2RNT_normal.jpg","2013-09-12T11:58:10.000Z","Tampa, FL",FALSE,NA,NA,"TampaFLPolitico","Ranger Rick","Clean Air, Clean Water, Pro-Public Education, Medicare-for-all. Realist over Theory, Local over Feds.",0,1,1,0,0,217,300,20563,1,"14304462",NA,NA
"81","RT @TB_Times: Crews currently are conducting water testing to gauge the water quality of the bay.
https://t.co/xpOm9shg7P","1430164150978809856",2021-08-24 13:44:39,"3359231747","everyone",FALSE,"en","1430164150978809856",FALSE,"https://pbs.twimg.com/profile_images/617428634953846784/rAZPBl86_normal.jpg","2015-07-04T19:55:09.000Z","Clearwater, FL, USA",FALSE,"1469447639733350403","https://t.co/fqAQkEs62K","ClearwaterBK","ClearwaterBankruptcy","#ClearwaterBankruptcy 2451 McMullen Booth Rd Clearwater FL 33759 #Bankruptcy #EstatePlanning #ClwtrBkAtty #Probate #Trusts #SMClaims https://t.co/2cMl9BrTGO",7,0,0,0,0,2024,1824,111298,99,NA,"Crews currently are conducting water testing to gauge the water quality of the bay.
https://t.co/xpOm9shg7P",NA
"82","RT @TB_Times: Crews currently are conducting water testing to gauge the water quality of the bay.
https://t.co/xpOm9shg7P","1430226884084764677",2021-08-24 17:53:56,"36975859","everyone",FALSE,"en","1430226884084764677",FALSE,"https://pbs.twimg.com/profile_images/1479417033490063361/lFk7Rx57_normal.jpg","2009-05-01T16:10:45.000Z","Somewhere wearing my mask",FALSE,NA,NA,"clizzie27","Nancybunchanumbers","I'm happy to be here. Get your vaccines.",7,0,0,0,0,121,312,5883,2,NA,"Crews currently are conducting water testing to gauge the water quality of the bay.
https://t.co/xpOm9shg7P",NA
"83","RT @tbtnewspaper: 74,500 gallons of wastewater spill into Pinellas County‚Äôs Boca Ciega Bay https://t.co/LiQBZEpchb","1430257913642242052",2021-08-24 19:57:14,"19447498","everyone",FALSE,"en","1430257913642242052",FALSE,"https://pbs.twimg.com/profile_images/1402598114536656897/aPtK4gM3_normal.jpg","2009-01-24T14:20:40.000Z","Dagnabbit, Florida!",FALSE,"1589806881023098884","https://t.co/XH3kF2SC7I","TymberDalton","Tymber Dalton / Lesli Richardson","(She/Her) Snarky, mostly harmless author, geek, Pagan witch, Oxford comma ‚ô•Ô∏èer. Gives good brain. Part-time shield maiden in training. Spoonie. #AuDHD",2,0,0,0,0,4508,5002,214206,236,NA,"74,500 gallons of wastewater spill into Pinellas County‚Äôs Boca Ciega Bay https://t.co/LiQBZEpchb",NA
"84","The wastewater burst from a decades-old pipe that was located within St. Petersburg‚Äôs city limits but owned by St. Pete Beach.
. https   www tampabay com news breaking news 2021 08 23 74500 gallons of wastewater spill into pinellas countys boca ciega bay","1430272255691476992",2021-08-24 20:54:13,"14304462","everyone",FALSE,"en","1430272255691476992",FALSE,"https://pbs.twimg.com/profile_images/1066713591246725120/wFmoB0Xs_normal.jpg","2008-04-04T17:14:50.000Z","St. Petersburg, Florida",TRUE,"1593648689536413696","https://t.co/cGIDc1tNIf","TB_Times","Tampa Bay Times","Florida's largest newspaper with 14 Pulitzer Prizes. Have story ideas or tips? DM us. Support our local journalism: https://t.co/9cTNKzUWzN",1,4,1,2,0,318998,5491,266363,3115,NA,"The wastewater burst from a decades-old pipe that was located within St. Petersburg‚Äôs city limits but owned by St. Pete Beach.
https://t.co/wvkQelKZ2V",NA
"85","@TB_Times FUUUCK! ü§¶‚Äç‚ôÄÔ∏è","1430272255691476992",2021-08-24 21:05:49,"24108606","everyone",FALSE,"en","1430275173912129547",FALSE,"https://pbs.twimg.com/profile_images/905209035741429761/PUm6bsQ-_normal.jpg","2009-03-13T02:30:13.000Z","St Petersburg, FL",FALSE,NA,NA,"name2yla","name2yla","",0,0,0,0,0,226,1019,3249,0,"14304462",NA,NA
"86","@stkbullgod thats some shit.... https   www tampabay com news breaking news 2021 08 23 74500 gallons of wastewater spill into pinellas countys boca ciega bay","1430275899958628356",2021-08-24 21:08:42,"307538973","everyone",FALSE,"en","1430275899958628356",FALSE,"https://pbs.twimg.com/profile_images/1420050764462972928/p1XMfjzH_normal.jpg","2011-05-29T20:33:58.000Z",NA,FALSE,NA,NA,"bigcoveranch","BigBamboo Capital","FO/PM

If your ever feeling generous : https://t.co/L9WezCdc43",0,1,0,0,0,945,691,11742,34,"606678031","@stkbullgod thats some shit...https://t.co/xjiqSkhMff",NA
"87","@TB_Times Something doesn't smell right","1430272255691476992",2021-08-24 21:15:33,"2955994821","everyone",FALSE,"en","1430277624279019520",FALSE,"https://abs.twimg.com/sticky/default_profile_images/default_profile_normal.png","2015-01-02T04:02:12.000Z",NA,FALSE,NA,NA,"MalpicaIII","Mario Malpica","",0,0,0,0,0,4,83,2423,0,"14304462",NA,NA
"88","@TB_Times More evidence of how badly infrastructure improvements are needed, especially in coastal environments.","1430272255691476992",2021-08-24 21:20:30,"467907971","everyone",FALSE,"en","1430278868070539264",FALSE,"https://pbs.twimg.com/profile_images/1571175606502526977/NMssKyFZ_normal.jpg","2012-01-18T23:54:21.000Z","On the right side of herstory",FALSE,"1612264898255355906",NA,"Gone2Ceed","Flux","NOT VOTING = ACT OF PRIVILEGE

#GunViolenceIsMaleViolence

Don't be a sexist racist

#SexMatters

Porn hurts humans

#DefundTobacco",0,0,1,0,0,332,1282,33770,4,"14304462",NA,NA
"89","Boca Ciega Bay absorbed a big flush of wastewater over the weekend @gabestern326 reports. The sewer pipe was so old the city didn‚Äôt know it existed. @TB_Times @TBTimesBiz . https   www tampabay com news breaking news 2021 08 23 74500 gallons of wastewater spill into pinellas countys boca ciega bay","1430284115102912518",2021-08-24 21:41:21,"15518828","everyone",FALSE,"en","1430284115102912518",FALSE,"https://pbs.twimg.com/profile_images/744440755456966656/bid9_O7Z_normal.jpg","2008-07-21T18:36:22.000Z","St. Petersburg, Fla.",TRUE,NA,"https://t.co/nqGE2gcEFd","SharonKWn","Sharon Kennedy Wynne","Sharon Kennedy Wynne, entertainment & events writer, editor at the Tampa Bay Times @TB_Times. Mom, foodie, news junkie & fan of rollercoasters and theme parks",0,0,2,0,0,2878,1288,15305,84,NA,"Boca Ciega Bay absorbed a big flush of wastewater over the weekend @gabestern326 reports. The sewer pipe was so old the city didn‚Äôt know it existed. @TB_Times @TBTimesBiz https://t.co/HDaC09s9Qj",NA
"90","@TB_Times Dear god close down all these fukin companys that are poluting our waters,","1430130902974222337",2021-08-24 21:44:35,"926115417831231490","everyone",FALSE,"en","1430284932039987202",FALSE,"https://abs.twimg.com/sticky/default_profile_images/default_profile_normal.png","2017-11-02T15:54:56.000Z",NA,FALSE,NA,NA,"WilliamBethel14","William Bethel","",0,0,0,0,0,144,49,43,0,"14304462",NA,NA
"91","@TB_Times This proves how much we needed that vote from House Dems today to get the infrastructure plan rolling! Republicans like Bilirakis and DeSantis are destroying everything we love about Florida. I hope this doesn‚Äôt create another Red Tide when we‚Äôre not even out of this one yet‚Ä¶","1430272255691476992",2021-08-24 22:02:53,"1093263310236123144","everyone",FALSE,"en","1430289535095738370",FALSE,"https://pbs.twimg.com/profile_images/1229945979538989057/UbSXe9J0_normal.jpg","2019-02-06T21:40:59.000Z",NA,FALSE,"1594770329456582656",NA,"barely_a_spec","barely a spec üè≥Ô∏è‚Äçüåà","lesbian ~ Black Lives Matter ~ Trans Rights Are Human Rights ~ I used to be funny before the world started ending ~ she/her",0,0,0,0,0,676,957,89134,5,"14304462",NA,NA
"92","RT @TB_Times: The wastewater burst from a decades-old pipe that was located within St. Petersburg‚Äôs city limits but owned by St. Pete Beach‚Ä¶","1430303672962068481",2021-08-24 22:59:04,"1158675868820152321","everyone",FALSE,"en","1430303672962068481",FALSE,"https://pbs.twimg.com/profile_images/1158938563641323520/aSw0RhmL_normal.jpg","2019-08-06T09:47:09.000Z",NA,FALSE,NA,NA,"LettuceCrisper","SaladBar","I block assholes & stupid people.",1,0,0,0,0,453,496,22743,0,NA,"The wastewater burst from a decades-old pipe that was located within St. Petersburg‚Äôs city limits but owned by St. Pete Beach.
https://t.co/wvkQelKZ2V",NA
"93","What in the actual fuck. First red tide since June due to waste water/radioactive chemicals dumping into  the bay. Now this shit. Tons and tons of dead sea life has washed up all summer. I havent even gone to the water out of fear of sickness. 
. https   www tampabay com news breaking news 2021 08 23 74500 gallons of wastewater spill into pinellas countys boca ciega bay","1430303937291292676",2021-08-24 23:00:07,"1258160720010764290","everyone",FALSE,"en","1430303937291292676",FALSE,"https://pbs.twimg.com/profile_images/1563126334687256576/sd7Jw3dg_normal.jpg","2020-05-06T22:24:37.000Z","üåé ",FALSE,NA,NA,"headi420","meowmers","Pittsburgh born n raised. Widow. Mother. Survivor of the drug war. Occupational Therapist. South West FL. Gardener. Lover of art and music.",0,0,2,0,0,2370,2088,15531,12,NA,"What in the actual fuck. First red tide since June due to waste water/radioactive chemicals dumping into  the bay. Now this shit. Tons and tons of dead sea life has washed up all summer. I havent even gone to the water out of fear of sickness. 
https://t.co/EsoTVlW4cI",NA
"94","The pipe was so old that the city of St. Pete Beach was unaware it existed, St. Pete Beach Public Works Director Mike Clarke said.
. https   www tampabay com news breaking news 2021 08 23 74500 gallons of wastewater spill into pinellas countys boca ciega bay","1430325552976642064",2021-08-25 00:26:00,"14304462","everyone",FALSE,"en","1430325552976642064",FALSE,"https://pbs.twimg.com/profile_images/1066713591246725120/wFmoB0Xs_normal.jpg","2008-04-04T17:14:50.000Z","St. Petersburg, Florida",TRUE,"1593648689536413696","https://t.co/cGIDc1tNIf","TB_Times","Tampa Bay Times","Florida's largest newspaper with 14 Pulitzer Prizes. Have story ideas or tips? DM us. Support our local journalism: https://t.co/9cTNKzUWzN",4,4,9,4,0,318998,5491,266363,3115,NA,"The pipe was so old that the city of St. Pete Beach was unaware it existed, St. Pete Beach Public Works Director Mike Clarke said.
https://t.co/ybkUf4S3bD",NA
"95","RT @TB_Times: The pipe was so old that the city of St. Pete Beach was unaware it existed, St. Pete Beach Public Works Director Mike Clarke‚Ä¶","1430325781813682176",2021-08-25 00:26:55,"1607949020","everyone",FALSE,"en","1430325781813682176",FALSE,"https://pbs.twimg.com/profile_images/378800000160382498/b44a85d75a27696a557bc89d5a44e296_normal.jpeg","2013-07-20T10:14:50.000Z",NA,FALSE,NA,NA,"FREEMONEYNEWS","freemoney","",4,0,0,0,0,380,4999,10738,9,NA,"The pipe was so old that the city of St. Pete Beach was unaware it existed, St. Pete Beach Public Works Director Mike Clarke said.
https://t.co/ybkUf4S3bD",NA
"96","RT @TB_Times: The pipe was so old that the city of St. Pete Beach was unaware it existed, St. Pete Beach Public Works Director Mike Clarke‚Ä¶","1430327149928534020",2021-08-25 00:32:21,"28146175","everyone",FALSE,"en","1430327149928534020",FALSE,"https://pbs.twimg.com/profile_images/457612831018721280/DF9-Dklr_normal.jpeg","2009-04-01T17:12:44.000Z","Tampa, FL",FALSE,NA,NA,"amarkari","Bunny","",4,0,0,0,0,16,440,4530,1,NA,"The pipe was so old that the city of St. Pete Beach was unaware it existed, St. Pete Beach Public Works Director Mike Clarke said.
https://t.co/ybkUf4S3bD",NA
"97","RT @TB_Times: The pipe was so old that the city of St. Pete Beach was unaware it existed, St. Pete Beach Public Works Director Mike Clarke‚Ä¶","1430328631000276998",2021-08-25 00:38:14,"589575291","everyone",FALSE,"en","1430328631000276998",FALSE,"https://pbs.twimg.com/profile_images/464493135167373312/YfcxZFzB_normal.jpeg","2012-05-24T23:03:34.000Z","Florida, USA",FALSE,NA,NA,"TiphaineMonroe","Tiphaine Monroe","Leland Fellow. Tulane MPH. RPCV Botswana. Interested in global health, human rights, & international politics. Views expressed are my own. She/her",4,0,0,0,0,74,881,5729,0,NA,"The pipe was so old that the city of St. Pete Beach was unaware it existed, St. Pete Beach Public Works Director Mike Clarke said.
https://t.co/ybkUf4S3bD",NA
"98","@TB_Times We MUST normalize hiring qualified people! How do you miss a pipe that leaks 75,000 gallons???","1430325552976642064",2021-08-25 00:56:13,"1093263310236123144","everyone",FALSE,"en","1430333156163477510",FALSE,"https://pbs.twimg.com/profile_images/1229945979538989057/UbSXe9J0_normal.jpg","2019-02-06T21:40:59.000Z",NA,FALSE,"1594770329456582656",NA,"barely_a_spec","barely a spec üè≥Ô∏è‚Äçüåà","lesbian ~ Black Lives Matter ~ Trans Rights Are Human Rights ~ I used to be funny before the world started ending ~ she/her",0,0,1,0,0,676,957,89134,5,"14304462",NA,NA
"99","@TB_Times Shlt run state","1430325552976642064",2021-08-25 01:02:01,"970837254217326594","everyone",FALSE,"en","1430334615802220545",FALSE,"https://pbs.twimg.com/profile_images/1547020617534382084/2MFixmUY_normal.jpg","2018-03-06T01:43:33.000Z",NA,FALSE,"1348820822987825153",NA,"MartyOTW","Marty","Provide Ukraine with longer range weapons.",0,0,0,0,0,302,1025,9017,0,"14304462",NA,NA
"100","@TB_Times What is the mayor loves dumping sewage in the waters.   Wasn‚Äôt aware?    For the cost of your salary ???? They should fire him and hired ‚Äúnot aware!‚Äù Oh forgot the mayor only fires people who know what they are doing.","1430325552976642064",2021-08-25 01:36:48,"483398591","everyone",FALSE,"en","1430343368329072640",FALSE,"https://pbs.twimg.com/profile_images/1356691978612842507/VE9793X7_normal.jpg","2012-02-04T23:58:44.000Z","Sarasota ",FALSE,NA,NA,"FloridaSpoiler","Daddy","",0,0,0,0,0,18,52,4053,0,"14304462",NA,NA
"101","RT @TB_Times: The pipe was so old that the city of St. Pete Beach was unaware it existed, St. Pete Beach Public Works Director Mike Clarke‚Ä¶","1430365740834689028",2021-08-25 03:05:42,"327668707","everyone",FALSE,"en","1430365740834689028",FALSE,"https://pbs.twimg.com/profile_images/1307334166502158337/1SaDOUxH_normal.jpg","2011-07-01T23:18:56.000Z",NA,FALSE,NA,NA,"k_wynter","Wynter ‚òÆÔ∏èüóΩ‚öñÔ∏èüè≥‚Äçüåàüò∑üíâüåäüß∂üåª","Over-Educated, Humanist Mother, Science & Facts Matter. Climate Change is Real. LGBTQIA Supporter  #LGBTQIA  #BlackLivesMatter #RESIST #MeToo #PlannedParenthood",4,0,0,0,0,581,1290,22507,4,NA,"The pipe was so old that the city of St. Pete Beach was unaware it existed, St. Pete Beach Public Works Director Mike Clarke said.
https://t.co/ybkUf4S3bD",NA
"102","What the f is going on? . https   www tampabay com news breaking news 2021 08 23 74500 gallons of wastewater spill into pinellas countys boca ciega bay","1430391147411775489",2021-08-25 04:46:39,"1350324853052743681","everyone",FALSE,"en","1430391147411775489",FALSE,"https://pbs.twimg.com/profile_images/1362270946518839296/xpUMTeo0_normal.jpg","2021-01-16T06:11:59.000Z",NA,FALSE,"1373824897349255168",NA,"alwalker222","do it for good or dont do it","Florida born in raised",0,1,0,0,0,608,748,20576,3,NA,"What the f is going on? https://t.co/Yus3Nxx5YG",NA
"103","@alwalker222 40+ years of neglected infrastructure is starting to fail.","1430391147411775489",2021-08-25 05:04:29,"69588952","everyone",FALSE,"en","1430395633383452674",FALSE,"https://pbs.twimg.com/profile_images/1571300913867808768/ebMtW9eX_normal.jpg","2009-08-28T13:35:48.000Z","Florida, USA",FALSE,NA,NA,"CrystalTheMaker","üá∫üá∏üáØüáµThe Opinionated Nurseüíâ‚ù§Ô∏è‚Äçü©πüë©üèª‚Äç‚öïÔ∏è","Degrees: English Education and  Registered Nursing with Case Management specialty. Staunch Civil Rights advocate in education and healthcare. TX grown, FL home.",0,1,1,0,0,874,765,13786,5,"1350324853052743681",NA,NA
"104","@CrystalTheMaker Facts","1430391147411775489",2021-08-25 05:16:43,"1350324853052743681","everyone",FALSE,"en","1430398714741510148",FALSE,"https://pbs.twimg.com/profile_images/1362270946518839296/xpUMTeo0_normal.jpg","2021-01-16T06:11:59.000Z",NA,FALSE,"1373824897349255168",NA,"alwalker222","do it for good or dont do it","Florida born in raised",0,0,1,0,0,614,749,20588,3,"69588952",NA,NA
"105","74,500 gallons of wastewater spill into Pinellas County's Boca Ciega Bay -  #GoogleAlerts. https   www tampabay com news breaking news 2021 08 23 74500 gallons of wastewater spill into pinellas countys boca ciega bay","1430495430253715457",2021-08-25 11:41:02,"534263140","everyone",FALSE,"en","1430495430253715457",FALSE,"https://pbs.twimg.com/profile_images/1169906487172333577/HqrgWFkr_normal.jpg","2012-03-23T12:49:26.000Z",NA,FALSE,NA,NA,"FloridaIssues","Florida Issues","",2,1,1,1,0,1024,10,135110,40,NA,"74,500 gallons of wastewater spill into Pinellas County's Boca Ciega Bay - https://t.co/ls3BtPxzBF #GoogleAlerts",NA
"106","The pipe was so old that the city of St. Pete Beach was unaware it existed, St. Pete Beach Public Works Director Mike Clarke said.
. https   www tampabay com news breaking news 2021 08 23 74500 gallons of wastewater spill into pinellas countys boca ciega bay","1430526382178713605",2021-08-25 13:44:02,"14304462","everyone",FALSE,"en","1430526382178713605",FALSE,"https://pbs.twimg.com/profile_images/1066713591246725120/wFmoB0Xs_normal.jpg","2008-04-04T17:14:50.000Z","St. Petersburg, Florida",TRUE,"1593648689536413696","https://t.co/cGIDc1tNIf","TB_Times","Tampa Bay Times","Florida's largest newspaper with 14 Pulitzer Prizes. Have story ideas or tips? DM us. Support our local journalism: https://t.co/9cTNKzUWzN",3,4,5,1,0,318998,5491,266363,3115,NA,"The pipe was so old that the city of St. Pete Beach was unaware it existed, St. Pete Beach Public Works Director Mike Clarke said.
https://t.co/oCNvPl2SvJ",NA
"107","RT @TB_Times: The pipe was so old that the city of St. Pete Beach was unaware it existed, St. Pete Beach Public Works Director Mike Clarke‚Ä¶","1430528844679852037",2021-08-25 13:53:49,"2414913756","everyone",FALSE,"en","1430528844679852037",FALSE,"https://pbs.twimg.com/profile_images/1044311228661694464/8WGI5ptD_normal.jpg","2014-03-27T21:29:48.000Z","Florida",FALSE,"1222268511134896129",NA,"LeChatNoire4","Le Chat Biden Democrat","#VOTE BLUE 2022 üåäüá∫üá∏üåä #BuyARepublicanToday! no DM‚Äôs",3,0,0,0,0,14164,13553,1097597,336,NA,"The pipe was so old that the city of St. Pete Beach was unaware it existed, St. Pete Beach Public Works Director Mike Clarke said.
https://t.co/oCNvPl2SvJ",NA
"108","@TB_Times First Red Tide, now this?","1430526382178713605",2021-08-25 13:55:25,"1393289812451463174","everyone",FALSE,"en","1430529249698582535",FALSE,"https://pbs.twimg.com/profile_images/1462909076246044676/l8kLJK0j_normal.jpg","2021-05-14T19:39:24.000Z","Florida, USA",FALSE,NA,NA,"DvdMJhnsn","david j","Marketing. Technology. Politics.",0,0,1,0,0,5,51,109,1,"14304462",NA,NA
"109","@TB_Times The City doesn‚Äôt even know where the üí© pipes are‚Ä¶.    ü§°","1430526382178713605",2021-08-25 13:58:32,"1857157704","everyone",FALSE,"en","1430530033794310146",FALSE,"https://pbs.twimg.com/profile_images/1280482594774269952/7F1X2RNT_normal.jpg","2013-09-12T11:58:10.000Z","Tampa, FL",FALSE,NA,NA,"TampaFLPolitico","Ranger Rick","Clean Air, Clean Water, Pro-Public Education, Medicare-for-all. Realist over Theory, Local over Feds.",0,0,0,0,0,217,300,20563,1,"14304462",NA,NA
"110","RT @FloridaIssues: 74,500 gallons of wastewater spill into Pinellas County's Boca Ciega Bay - https://t.co/ls3BtPxzBF #GoogleAlerts","1430530279022673923",2021-08-25 13:59:31,"2414913756","everyone",FALSE,"en","1430530279022673923",FALSE,"https://pbs.twimg.com/profile_images/1044311228661694464/8WGI5ptD_normal.jpg","2014-03-27T21:29:48.000Z","Florida",FALSE,"1222268511134896129",NA,"LeChatNoire4","Le Chat Biden Democrat","#VOTE BLUE 2022 üåäüá∫üá∏üåä #BuyARepublicanToday! no DM‚Äôs",2,0,0,0,0,14164,13553,1097597,336,NA,"74,500 gallons of wastewater spill into Pinellas County's Boca Ciega Bay - https://t.co/ls3BtPxzBF #GoogleAlerts",NA
"111","RT @TB_Times: The pipe was so old that the city of St. Pete Beach was unaware it existed, St. Pete Beach Public Works Director Mike Clarke‚Ä¶","1430534239557140491",2021-08-25 14:15:15,"1011113850","everyone",FALSE,"en","1430534239557140491",FALSE,"https://pbs.twimg.com/profile_images/1486542278697136128/H1Jj1cPi_normal.jpg","2012-12-14T13:13:20.000Z","Pensacola Beach, Florida",FALSE,"1491153723707772928","https://t.co/rlxBSv3nwX","yourstoryinpix","DJ Loyd","Photojournalist covering sports, news & current events. Still independent, still self-funded, still own all my copyrights. Please add me to your media list.",3,0,0,0,0,173,727,21589,4,NA,"The pipe was so old that the city of St. Pete Beach was unaware it existed, St. Pete Beach Public Works Director Mike Clarke said.
https://t.co/oCNvPl2SvJ",NA
"112","@TB_Times https://t.co/Lekz6s1Fdf","1430526382178713605",2021-08-25 14:24:33,"934509469131788291","everyone",FALSE,"qme","1430536579265740805",FALSE,"https://pbs.twimg.com/profile_images/1502452703158493186/4RhIu315_normal.jpg","2017-11-25T19:49:54.000Z","Tampa Bay",FALSE,"1529241406098886656",NA,"ImRandomDefault","Random Default","Just pretend we're talking until the cops leave",0,0,0,0,0,336,399,8091,3,"14304462",NA,NA
"113","@TB_Times Hey here‚Äôs a thought‚Ä¶‚Ä¶.@Kriseman rather than spending taxpayer dollars on ridiculous things such as the pier and gay pride parades, perhaps those dollars could be better spent on infrastructure so that shit isn‚Äôt spilling into the bay.","1430526382178713605",2021-08-25 14:45:53,"1032278051973935104","everyone",FALSE,"en","1430541947542908930",FALSE,"https://pbs.twimg.com/profile_images/1268588255064227840/4FhEpqKK_normal.jpg","2018-08-22T14:47:21.000Z","Clearwater, FL",FALSE,NA,NA,"BrianMayhem1965","Mayhem1965","Conservative, greyhound dad, THE Buckeyes, Trump supporter, MAGA. When you sit in the middle of the road, you get hit from both directions. BLM are terrorists.",0,0,0,0,0,585,844,7310,1,"14304462",NA,NA
"114","@FloridaIssues @LeChatNoire4 Just what Florida needs  - more disease.","1430495430253715457",2021-08-25 18:08:03,"136655165","everyone",FALSE,"en","1430592824764928014",FALSE,"https://pbs.twimg.com/profile_images/1588751635/glitter_cat_76602342_normal.gif","2010-04-24T14:47:32.000Z","left of centerstage",FALSE,"839828206165311488",NA,"inglamwetrust","(((inglamwetrust)))","If at first you don't succeed, zhuzh it up with lots of glitter!",0,0,0,0,0,2117,2323,434203,253,"534263140",NA,NA
"115","RT @FloridaIssues: 74,500 gallons of wastewater spill into Pinellas County's Boca Ciega Bay - https://t.co/ls3BtPxzBF #GoogleAlerts","1430660852852592641",2021-08-25 22:38:22,"719284318716182529","everyone",FALSE,"en","1430660852852592641",FALSE,"https://pbs.twimg.com/profile_images/1277706103158116356/yI1VXZYY_normal.jpg","2016-04-10T22:02:00.000Z","Orange City, FL",FALSE,NA,NA,"uhsenviro","UHS Environmental","University High School's environmental science classes with Mr. Haught. A combo of environmental education & Titan pride.",2,0,0,0,0,407,280,9994,2,NA,"74,500 gallons of wastewater spill into Pinellas County's Boca Ciega Bay - https://t.co/ls3BtPxzBF #GoogleAlerts",NA
"116","74500 gallons of wastewater spill into Pinellas County's Boca Ciega Bay - Tampa Bay Times . https   www tampabay com news breaking news 2021 08 23 74500 gallons of wastewater spill into pinellas countys boca ciega bay","1431634310306545668",2021-08-28 15:06:32,"1254188445997514752","everyone",FALSE,"en","1431634310306545668",FALSE,"https://pbs.twimg.com/profile_images/1254188660544561152/1_51ClSJ_normal.jpg","2020-04-25T23:20:20.000Z","Sacramento, CA",FALSE,NA,NA,"DrTonyJones2","Dr. Tony Jones","Entrepreneur focused on water scarcity,
What does the data tells us?",0,0,0,0,0,61,246,1362,3,NA,"74500 gallons of wastewater spill into Pinellas County's Boca Ciega Bay - Tampa Bay Times https://t.co/2TEHWObe75",NA
"117","@Kriseman @CharlieCrist 
Do you have anything to say about this? 

. https   www tampabay com news breaking news 2021 08 23 74500 gallons of wastewater spill into pinellas countys boca ciega bay","1431641767745630210",2021-08-28 15:36:10,"960596212729696257","everyone",FALSE,"en","1431641767745630210",FALSE,"https://pbs.twimg.com/profile_images/1541907418937966594/cU73u3Nl_normal.jpg","2018-02-05T19:29:18.000Z",NA,FALSE,"1486330477128699915","https://t.co/zVXdFLEBaS","thebrittanyjea","Brittany","UF Alum ‚Ä¢ Former Pro Cheerleader ‚Ä¢ Law Student President of the Tampa Bay Young Republicans ‚Ä¢ Fmr Team @ashleymoodyfl",0,1,0,0,0,15871,555,3326,18,"62009570","@Kriseman @CharlieCrist 
Do you have anything to say about this? 

https://t.co/aUUl6WM27u",NA
"118","The spill was caused by old pipes. When we invest in infrastructure, we protect our water and wildlife. . https   www tampabay com news breaking news 2021 08 23 74500 gallons of wastewater spill into pinellas countys boca ciega bay","1432751557859332096",2021-08-31 17:06:05,"625221746","everyone",FALSE,"en","1432751557859332096",FALSE,"https://pbs.twimg.com/profile_images/1585294083089743878/DDoTnMQo_normal.jpg","2012-07-03T03:33:38.000Z","Florida",FALSE,"1608640034109890560","https://t.co/VxqTLxVKc5","FCVoters","Florida Conservation Voters","We build political power to protect our environment, protect our democracy, and create a healthy and sustainable future for everyone | RT‚Äôs are not endorsements",4,0,10,1,0,6553,2563,11445,142,NA,"The spill was caused by old pipes. When we invest in infrastructure, we protect our water and wildlife. https://t.co/SLAMfrfQLl",NA
"119","RT @FCVoters: The spill was caused by old pipes. When we invest in infrastructure, we protect our water and wildlife. https://t.co/SLAMfrfQ‚Ä¶","1432754727935217666",2021-08-31 17:18:41,"391498755","everyone",FALSE,"en","1432754727935217666",FALSE,"https://pbs.twimg.com/profile_images/1059107442775281664/nEcIPHTp_normal.jpg","2011-10-15T17:12:58.000Z","Florida‚Äôs  Big Bend",FALSE,"1602713596877742080",NA,"kmcdougald1961","Kevin McDougald ‚úçÔ∏è","",4,0,0,0,0,54,599,1058,1,NA,"The spill was caused by old pipes. When we invest in infrastructure, we protect our water and wildlife. https://t.co/SLAMfrfQLl",NA
"120","RT @FCVoters: The spill was caused by old pipes. When we invest in infrastructure, we protect our water and wildlife. https://t.co/SLAMfrfQ‚Ä¶","1432782324941340675",2021-08-31 19:08:20,"245794574","everyone",FALSE,"en","1432782324941340675",FALSE,"https://pbs.twimg.com/profile_images/1330347521/Joe_normal.jpg","2011-02-01T13:56:14.000Z","Port St. Lucie, FL",FALSE,NA,"http://t.co/SEGRqgcc5a","BackpackandGear","Joe Regallis","One person's Backpack experiences in heavenly places and the gear used. How will you benefit? By having better health, an uplifted spirit and lots of great fun!",4,0,0,0,0,79,59,14417,7,NA,"The spill was caused by old pipes. When we invest in infrastructure, we protect our water and wildlife. https://t.co/SLAMfrfQLl",NA
"121","RT @FCVoters: The spill was caused by old pipes. When we invest in infrastructure, we protect our water and wildlife. https://t.co/SLAMfrfQ‚Ä¶","1433037639922356232",2021-09-01 12:02:52,"887056632135516160","everyone",FALSE,"en","1433037639922356232",FALSE,"https://pbs.twimg.com/profile_images/931254582617034752/Drv5hJJj_normal.jpg","2017-07-17T21:09:16.000Z","Florida",FALSE,"887060184325136385","https://t.co/XLHkviVjpE","TheOceanTree","Ocean Tree Studios","Promoting habitat restoration, community engagement, and conservation of the Indian River Lagoon and beyond.  Mangroves foster community! #oceantree #mangrove",4,0,0,0,0,967,4805,2811,14,NA,"The spill was caused by old pipes. When we invest in infrastructure, we protect our water and wildlife. https://t.co/SLAMfrfQLl",NA
"122","RT @FCVoters: The spill was caused by old pipes. When we invest in infrastructure, we protect our water and wildlife. https://t.co/SLAMfrfQ‚Ä¶","1433205941583888387",2021-09-01 23:11:38,"624039687","everyone",FALSE,"en","1433205941583888387",FALSE,"https://pbs.twimg.com/profile_images/414059198691811330/iFa2WNdz_normal.jpeg","2012-07-01T18:06:46.000Z","Tampa, FL",FALSE,"1545062679089397760",NA,"Tampa_Live","Tampa Live","Enjoy the Tampa news.",4,0,0,0,0,7359,405,44024,191,NA,"The spill was caused by old pipes. When we invest in infrastructure, we protect our water and wildlife. https://t.co/SLAMfrfQLl",NA
"123","St. Pete Beach will get $2 million for wastewater upgrades. #StPeteBeach #GarysGotAnswers . http   CVSoci al kVMSl4QP","1448643316329979905",2021-10-14 13:34:15,"42501271","everyone",FALSE,"en","1448643316329979905",FALSE,"https://pbs.twimg.com/profile_images/983346231295598592/7p2IxpSz_normal.jpg","2009-05-25T22:22:29.000Z","Tampa Bay, Florida",FALSE,NA,"https://t.co/CAeS0ds1oi","TampaBizLitAtty","Gary Schaaf","Business and real estate litigation attorney, managing shareholder in the Tampa Bay office of the Becker Law Firm.",0,0,0,0,0,1057,1234,9483,26,NA,"St. Pete Beach will get $2 million for wastewater upgrades. #StPeteBeach #GarysGotAnswers https://t.co/qqCAkoAKht",NA
"124","Treasure Island's taking steps to protect Boca Ciega Bay from stormwater contamination. . https   mailchi mp thegabber aquathons environmental progress in ti and shoevember","1458472413625294852",2021-11-10 16:31:35,"44213758","everyone",FALSE,"en","1458472413625294852",FALSE,"https://pbs.twimg.com/profile_images/1272633182236676101/D4J9Etb9_normal.jpg","2009-06-02T21:31:27.000Z","Gulfport, Florida",FALSE,NA,"https://t.co/aXnTKTefee","GabberNews","Gabber Newspaper","The oldest independent weekly newspaper in Florida. Gulfport news and beaches events on tap. Go ahead, slide into our DMs, we don't mind.",1,0,1,0,0,485,118,2247,16,NA,"Treasure Island's taking steps to protect Boca Ciega Bay from stormwater contamination. https://t.co/bRlO22y0FT",NA
"125","RT @GabberNews: Treasure Island's taking steps to protect Boca Ciega Bay from stormwater contamination. https://t.co/bRlO22y0FT","1458472542893662212",2021-11-10 16:32:05,"383951622","everyone",FALSE,"en","1458472542893662212",FALSE,"https://pbs.twimg.com/profile_images/1322149337875599360/CUFLoDYa_normal.jpg","2011-10-02T20:10:35.000Z","Gulfport, Florida",FALSE,"1104768174149586945",NA,"IAmMicMars","MicMars","Mathematics, philosophy, literature, business credit risk...'you and I are human beings; mostpeople are snobs' - ee cummings",1,0,0,0,0,1493,505,67022,22,NA,"Treasure Island's taking steps to protect Boca Ciega Bay from stormwater contamination. https://t.co/bRlO22y0FT",NA
"126","IoPP members in Florida and the surrounding area: Want to learn more about chemical packaging technology? Well, you're in luck! Our Chemical Packaging Committee will hold an in-person meeting on Feb. 9-11 at Bilmar Beach Resort in Treasure Island. Join us!  . https   www iopp org i4a pages index cfm. https   twitter com IoPP_Pros status 1489312842721464325 photo 1","1489312842721464325",2022-02-03 19:00:26,"104698989","everyone",FALSE,"en","1489312842721464325",FALSE,"https://pbs.twimg.com/profile_images/459346056753340417/ij23ZTBM_normal.jpeg","2010-01-14T03:33:58.000Z","Oakbrook Terrace, IL",FALSE,"1407013304783015936","http://t.co/1qS4lXJ4nv","IoPP_Pros","IoPP","The Institute of Packaging Professionals is dedicated to creating networking and educational opportunities that help packaging professionals succeed.",0,0,0,0,0,4407,414,4182,98,NA,"IoPP members in Florida and the surrounding area: Want to learn more about chemical packaging technology? Well, you're in luck! Our Chemical Packaging Committee will hold an in-person meeting on Feb. 9-11 at Bilmar Beach Resort in Treasure Island. Join us! https://t.co/X4rkTafSKS https://t.co/a4389ApcLX",NA
"127","Skyway Bridge Light Display illuminated with the blue theme supporting Tampa Bay Lightning and the Paint the Town Blue organization! Freighter is Sulphur Enterprise, a chemical tanker enroute to Galveston.  #TBLightning @TBLightning #tampabay #tampa #StPete . https   twitter com 5wa status 1526595041136988160 photo 1","1526595041136988160",2022-05-17 16:06:35,"22688529","everyone",FALSE,"en","1526595041136988160",FALSE,"https://pbs.twimg.com/profile_images/1337867242529284097/2bo5T07L_normal.jpg","2009-03-03T22:06:07.000Z","St Petersburg, FL",FALSE,NA,NA,"5wa","5WA - Robert Neff","Storyteller 4 @CondoSeniors, @DrivingTheDivas, @PelicanBeakon. Travel/WIldlife/Nature photographer, writer, artist, #NASASocial, #Vet, Unbiased opinion, #press",0,0,0,0,0,14410,15437,268669,761,NA,"Skyway Bridge Light Display illuminated with the blue theme supporting Tampa Bay Lightning and the Paint the Town Blue organization! Freighter is Sulphur Enterprise, a chemical tanker enroute to Galveston.  #TBLightning @TBLightning #tampabay #tampa #StPete https://t.co/YotZuHOGkJ",NA
"128","A chemical oil tanker called Bay State is showing off the weather state of Tampa Bay! View is from Skyway North Fishing Pier! #TampaBay #stpetersburgflorida #stpete #tampabay #weather #flwx . https   twitter com 5wa status 1550607864103845890 photo 1","1550607864103845890",2022-07-22 22:24:58,"22688529","everyone",FALSE,"en","1550607864103845890",FALSE,"https://pbs.twimg.com/profile_images/1337867242529284097/2bo5T07L_normal.jpg","2009-03-03T22:06:07.000Z","St Petersburg, FL",FALSE,NA,NA,"5wa","5WA - Robert Neff","Storyteller 4 @CondoSeniors, @DrivingTheDivas, @PelicanBeakon. Travel/WIldlife/Nature photographer, writer, artist, #NASASocial, #Vet, Unbiased opinion, #press",0,0,2,0,0,14410,15437,268669,761,NA,"A chemical oil tanker called Bay State is showing off the weather state of Tampa Bay! View is from Skyway North Fishing Pier! #TampaBay #stpetersburgflorida #stpete #tampabay #weather #flwx https://t.co/rkQVPd1swz",NA
"129","Planning to attend the IoPP Chemical Packaging Committee's next in-person meeting on Feb. 8-10 at Bilmar Beach Resort in Treasure Island, FL? The deadline to reserve your room is January 8, so book your room now using code CPC23:  . https   bookings travelclick com 131442. https   twitter com IoPP_Pros status 1603419831411286023 photo 1","1603419831411286023",2022-12-15 16:00:52,"104698989","everyone",FALSE,"en","1603419831411286023",FALSE,"https://pbs.twimg.com/profile_images/459346056753340417/ij23ZTBM_normal.jpeg","2010-01-14T03:33:58.000Z","Oakbrook Terrace, IL",FALSE,"1407013304783015936","http://t.co/1qS4lXJ4nv","IoPP_Pros","IoPP","The Institute of Packaging Professionals is dedicated to creating networking and educational opportunities that help packaging professionals succeed.",0,0,0,0,0,4407,414,4182,98,NA,"Planning to attend the IoPP Chemical Packaging Committee's next in-person meeting on Feb. 8-10 at Bilmar Beach Resort in Treasure Island, FL? The deadline to reserve your room is January 8, so book your room now using code CPC23: https://t.co/iBG7aXF3Vr https://t.co/Sf4MupEUd1",NA
