"","text","lang","created_at.x","id","reply_settings","possibly_sensitive","conversation_id","author_id","description","verified","url","username","protected","created_at.y","location","profile_image_url","name","pinned_tweet_id","public_metrics.x_retweet_count","public_metrics.x_reply_count","public_metrics.x_like_count","public_metrics.x_quote_count","public_metrics.x_impression_count","public_metrics.y_followers_count","public_metrics.y_following_count","public_metrics.y_tweet_count","public_metrics.y_listed_count","in_reply_to_user_id","text_with_display_links"
"1","1st day of school for Pinellas, school attack plot foiled, MacBook Pro banned, social media is linked to depression, Barbie going Star Wars, possible oil spill in Madeira Beach, CBS/Viacom merger, moms celebrate back to school plus Barber will be in the Ring of Honor! @FOX13News. ","en",2019-08-14 07:59:00,"1161547756189753344","everyone",FALSE,"1161547756189753344","568322556","Good Day Tampa Bay Anchor for FOX13. Happily married and Daddy to Alexandra!",TRUE,NA,"WalterAllenTV",FALSE,"2012-05-01T14:15:44.000Z","Tampa, FL","https://pbs.twimg.com/profile_images/1592668582974029828/xwss2vw1_normal.jpg","Walter Allen FOX 13",NA,0,0,7,0,0,8305,1677,23298,146,NA,"1st day of school for Pinellas, school attack plot foiled, MacBook Pro banned, social media is linked to depression, Barbie going Star Wars, possible oil spill in Madeira Beach, CBS/Viacom merger, moms celebrate back to school plus Barber will be in the Ring of Honor! @FOX13News"
"2","@bdomenech 
We are lucky on the West Coast of Florida in a City of St Pete Beach, Historic Pass-A-Grille.
Been in business for 44 years.
Thru Tropical Depressions, oil spills, Red Tide, power outages  and recessions but nothing like the Coronavirus 
Governor helped back on track.. ","en",2021-04-22 00:05:25,"1385021888531996672","everyone",FALSE,"1385021888531996672","4105325777","Family, Seafood,Sunsets and Beach life",FALSE,NA,"RickFalkenstein",FALSE,"2015-11-03T15:11:06.000Z",NA,"https://abs.twimg.com/sticky/default_profile_images/default_profile_normal.png","Ric,,,,k Falkenstein",NA,0,0,0,0,0,8,34,24,0,"14989516","@bdomenech 
We are lucky on the West Coast of Florida in a City of St Pete Beach, Historic Pass-A-Grille.
Been in business for 44 years.
Thru Tropical Depressions, oil spills, Red Tide, power outages  and recessions but nothing like the Coronavirus 
Governor helped back on track."
"3","Madeira Beach resident Bill Nelson was called on to assist in the BP Oil Spill cleanup in 2010. 

He spent 6 months there and since his return has numerous breathing issues and has been on ventilator 47 times. He found out last week he won't be getting a dollar from BP @BN9 . https   twitter com angie_angers status 1447661132232200194 video 1","en",2021-10-11 20:31:24,"1447661132232200194","everyone",FALSE,"1447661132232200194","706265810","Reporter at Bay News 9 in St. Pete. RI native and longtime Floridian. Story idea? Golf recs? DM/Email me at angela.angers@charter.com",TRUE,NA,"angie_angers",FALSE,"2012-07-20T02:40:00.000Z","Bradenton, FL","https://pbs.twimg.com/profile_images/1359183461517508612/LPsYPTpE_normal.jpg","Angie Angers",NA,6,3,5,0,0,2941,1033,4152,67,NA,"Madeira Beach resident Bill Nelson was called on to assist in the BP Oil Spill cleanup in 2010. 

He spent 6 months there and since his return has numerous breathing issues and has been on ventilator 47 times. He found out last week he won't be getting a dollar from BP @BN9 https://t.co/CdtinkaKno"
"4","RT @angie_angers: Madeira Beach resident Bill Nelson was called on to assist in the BP Oil Spill cleanup in 2010. 

He spent 6 months there‚Ä¶","en",2021-10-11 20:32:42,"1447661458800746500","everyone",FALSE,"1447661458800746500","17308428","Breaking news first in Tampa Bay. Continuous updates and in-depth coverage only @BN9, @BN9weather and @BN9Traffic can provide  |  News. Weather. Now.",TRUE,"http://t.co/j3OZJEwDmE","BN9",FALSE,"2008-11-11T12:03:53.000Z","Tampa Bay area","https://pbs.twimg.com/profile_images/912176447036502017/BBeoQTuF_normal.jpg","Spectrum Bay News 9",NA,6,0,0,0,0,384435,443,144237,1747,NA,"Madeira Beach resident Bill Nelson was called on to assist in the BP Oil Spill cleanup in 2010. 

He spent 6 months there and since his return has numerous breathing issues and has been on ventilator 47 times. He found out last week he won't be getting a dollar from BP @BN9 https://t.co/CdtinkaKno"
"5","RT @angie_angers: Madeira Beach resident Bill Nelson was called on to assist in the BP Oil Spill cleanup in 2010. 

He spent 6 months there‚Ä¶","en",2021-10-11 20:33:01,"1447661536021995523","everyone",FALSE,"1447661536021995523","1299074590073905152","M.A. Journalism @USouthFlorida | Rap üéµ Politics üá∫üá∏ Chiefs and Bucs üèà Runner üèÉ‚Äç‚ôÇÔ∏è",FALSE,NA,"MichaelAldenFL",FALSE,"2020-08-27T20:01:48.000Z","St Pete Beach, FL","https://pbs.twimg.com/profile_images/1558286825957072897/D0qAvQqd_normal.jpg","Michael Alden",NA,6,0,0,0,0,100,495,475,0,NA,"Madeira Beach resident Bill Nelson was called on to assist in the BP Oil Spill cleanup in 2010. 

He spent 6 months there and since his return has numerous breathing issues and has been on ventilator 47 times. He found out last week he won't be getting a dollar from BP @BN9 https://t.co/CdtinkaKno"
"6","RT @angie_angers: Madeira Beach resident Bill Nelson was called on to assist in the BP Oil Spill cleanup in 2010. 

He spent 6 months there‚Ä¶","en",2021-10-11 20:34:11,"1447661832823525376","everyone",FALSE,"1447661832823525376","46797629","Mom, sports, comics, entertainment. Oh almost forgot: shit stirrer",FALSE,NA,"TheTopLife",FALSE,"2009-06-13T01:41:07.000Z","Champa Bay","https://pbs.twimg.com/profile_images/493189627583279105/Fy5h-mLW_normal.jpeg","Laura Topliffe","1607786493304766465",6,0,0,0,0,2567,5007,137648,112,NA,"Madeira Beach resident Bill Nelson was called on to assist in the BP Oil Spill cleanup in 2010. 

He spent 6 months there and since his return has numerous breathing issues and has been on ventilator 47 times. He found out last week he won't be getting a dollar from BP @BN9 https://t.co/CdtinkaKno"
"7","RT @angie_angers: Madeira Beach resident Bill Nelson was called on to assist in the BP Oil Spill cleanup in 2010. 

He spent 6 months there‚Ä¶","en",2021-10-11 20:34:40,"1447661952696832014","everyone",FALSE,"1447661952696832014","214088469","Privileged humanist. Patented inventor. Healthcare is a Right. Education is a Right. Organize. #BlackLivesMatter #GoBolts #IDIC #Usufruct",FALSE,"https://t.co/EFe2b4T6I3","douglasboberg",FALSE,"2010-11-10T14:52:56.000Z","Sunny Florida","https://pbs.twimg.com/profile_images/1504858955792752640/Nv4dX72Z_normal.jpg","‚òÄÔ∏è Gauche Douglas","1589767911392284672",6,0,0,0,0,766,442,15212,7,NA,"Madeira Beach resident Bill Nelson was called on to assist in the BP Oil Spill cleanup in 2010. 

He spent 6 months there and since his return has numerous breathing issues and has been on ventilator 47 times. He found out last week he won't be getting a dollar from BP @BN9 https://t.co/CdtinkaKno"
"8","RT @angie_angers: Madeira Beach resident Bill Nelson was called on to assist in the BP Oil Spill cleanup in 2010. 

He spent 6 months there‚Ä¶","en",2021-10-11 20:40:51,"1447663510700400640","everyone",FALSE,"1447663510700400640","1548401803","Thankyou Twitter for letting me rant-Fuk the Zuk...facebook Obliterated my main account...Fuck facebook!!!Thankyou Twitter",FALSE,NA,"BillLundell1",FALSE,"2013-06-26T14:52:22.000Z","Florida's Space Coast","https://pbs.twimg.com/profile_images/695279007546343429/tcrcDXBa_normal.jpg","BillLundell",NA,6,0,0,0,0,1625,4874,131090,7,NA,"Madeira Beach resident Bill Nelson was called on to assist in the BP Oil Spill cleanup in 2010. 

He spent 6 months there and since his return has numerous breathing issues and has been on ventilator 47 times. He found out last week he won't be getting a dollar from BP @BN9 https://t.co/CdtinkaKno"
"9","@angie_angers @BN9 He was called upon, who hired him? They don't provide insurance? Workman's comp? Perhaps he was a contractor? Poor guyüòî","en",2021-10-11 21:38:42,"1447678065904128007","everyone",FALSE,"1447661132232200194","1149632184","Salon services: foiling, balayage, fantasy color, cut, style, weave, waxing, relaxing, keratin, perms & more! 727-442-3343",FALSE,"https://t.co/38l8kF79H6","definingedge",FALSE,"2013-02-05T02:03:31.000Z","26240 US 19 N Clw. FL","https://pbs.twimg.com/profile_images/930196106226667521/6bBS_2e9_normal.jpg","Defining Edge Salon",NA,0,0,0,0,0,25,30,451,0,"706265810",NA
"10","‚ÄúYou could feel it burn your lungs."" A Madeira Beach man says he just found out he won‚Äôt be getting a dollar from BP for illnesses he says he contracted as a result of the Deepwater Horizon Oil Spill. @angie_angers¬†has his story. . https   www baynews9 com fl tampa news 2021 10 11 bp oil spill cleanup worker s medical claims rejected","en",2021-10-11 22:15:02,"1447687211407876096","everyone",FALSE,"1447687211407876096","17308428","Breaking news first in Tampa Bay. Continuous updates and in-depth coverage only @BN9, @BN9weather and @BN9Traffic can provide  |  News. Weather. Now.",TRUE,"http://t.co/j3OZJEwDmE","BN9",FALSE,"2008-11-11T12:03:53.000Z","Tampa Bay area","https://pbs.twimg.com/profile_images/912176447036502017/BBeoQTuF_normal.jpg","Spectrum Bay News 9",NA,1,1,3,0,0,384435,443,144237,1747,NA,"‚ÄúYou could feel it burn your lungs."" A Madeira Beach man says he just found out he won‚Äôt be getting a dollar from BP for illnesses he says he contracted as a result of the Deepwater Horizon Oil Spill. @angie_angers¬†has his story. https://t.co/SPZLMOgC8w"
"11","@angie_angers @BN9 Hi Bill Nelson,  Have you considered lung transplant?  Jeanette","en",2021-10-14 19:01:22,"1448725635497611274","everyone",FALSE,"1447661132232200194","18403485","",FALSE,NA,"jbraxton",FALSE,"2008-12-27T06:02:34.000Z",NA,"https://pbs.twimg.com/profile_images/684587544/Ankh_-_Key_of_Life_-_9-03-08_normal.jpg","jbraxton",NA,0,0,0,0,0,7,64,14,0,"706265810",NA
"12","Associate Professor Heather Judkins is discovering new species while part of a team @Squirt_GOM studying the impact of oil spills in the Gulf of Mexico. 

Judkins will get to continue her work on July 26 during a 12-day research cruise. #biology #science 
 . https   www stpetersburg usf edu news 2022 biology professor research gulf aspx. https   twitter com usfsp status 1550100017314029568 video 1","en",2022-07-21 12:46:58,"1550100017314029568","everyone",FALSE,"1550100017314029568","143476735","Situated on 52 acres of waterfront in downtown St. Petersburg, our campus offers an intimate academic experience with all the benefits of a large institution.",FALSE,"https://t.co/U8V9pb5SCt","usfsp",FALSE,"2010-05-13T15:32:28.000Z","St. Petersburg, Florida","https://pbs.twimg.com/profile_images/1604845644211896320/K_plLXa0_normal.jpg","USF St. Petersburg campus",NA,4,0,4,0,0,3310,243,4541,60,NA,"Associate Professor Heather Judkins is discovering new species while part of a team @Squirt_GOM studying the impact of oil spills in the Gulf of Mexico. 

Judkins will get to continue her work on July 26 during a 12-day research cruise. #biology #science 
https://t.co/12zbk56mSK https://t.co/zOG0ZwEoZf"
"13","RT @usfsp: Associate Professor Heather Judkins is discovering new species while part of a team @Squirt_GOM studying the impact of oil spill‚Ä¶","en",2022-07-21 17:59:40,"1550178712448032768","everyone",FALSE,"1550178712448032768","39306293","America‚Äôs fastest-rising university. https://t.co/5aD6QAX0Qt | https://t.co/75GX9gSzeX | https://t.co/bhfEr6fkp2",TRUE,"https://t.co/SN4sGCoO2k","USouthFlorida",FALSE,"2009-05-11T18:21:04.000Z","Tampa, Florida","https://pbs.twimg.com/profile_images/1603040572226379777/_HlFH5jr_normal.jpg","University of South Florida",NA,4,0,0,0,0,120189,375,19694,600,NA,"Associate Professor Heather Judkins is discovering new species while part of a team @Squirt_GOM studying the impact of oil spills in the Gulf of Mexico. 

Judkins will get to continue her work on July 26 during a 12-day research cruise. #biology #science 
https://t.co/12zbk56mSK https://t.co/zOG0ZwEoZf"
"14","RT @usfsp: Associate Professor Heather Judkins is discovering new species while part of a team @Squirt_GOM studying the impact of oil spill‚Ä¶","en",2022-07-21 18:55:12,"1550192685444644866","everyone",FALSE,"1550192685444644866","883096526","Communications & Marketing USF @usfsp. Former TV reporter/anchor Flint, Detroit and Grand Rapids.",TRUE,NA,"sfsell",FALSE,"2012-10-15T20:49:33.000Z","Tampa, FL","https://pbs.twimg.com/profile_images/656292098740781056/OQtdydgH_normal.jpg","Sarah Sell",NA,4,0,0,0,0,1073,183,1146,37,NA,"Associate Professor Heather Judkins is discovering new species while part of a team @Squirt_GOM studying the impact of oil spills in the Gulf of Mexico. 

Judkins will get to continue her work on July 26 during a 12-day research cruise. #biology #science 
https://t.co/12zbk56mSK https://t.co/zOG0ZwEoZf"
"15","RT @usfsp: Associate Professor Heather Judkins is discovering new species while part of a team @Squirt_GOM studying the impact of oil spill‚Ä¶","en",2022-07-21 19:54:18,"1550207558534606848","everyone",FALSE,"1550207558534606848","159496534","With 23 academic departments & 14 research centers/institutes, the College of Arts & Sciences is the intellectual heart of the University of South Florida.",FALSE,"https://t.co/tY0PskNv8K","CASatUSF",FALSE,"2010-06-25T14:54:13.000Z","Tampa, Fla.","https://pbs.twimg.com/profile_images/1587568715142500361/_tjQG954_normal.png","USF College of Arts and Sciences","1603842428250869763",4,0,0,0,0,2523,463,2740,40,NA,"Associate Professor Heather Judkins is discovering new species while part of a team @Squirt_GOM studying the impact of oil spills in the Gulf of Mexico. 

Judkins will get to continue her work on July 26 during a 12-day research cruise. #biology #science 
https://t.co/12zbk56mSK https://t.co/zOG0ZwEoZf"
"16","RT @usfsp: Associate Professor Heather Judkins is discovering new species while part of a team @Squirt_GOM studying the impact of oil spill‚Ä¶","en",2022-07-21 21:24:56,"1550230368980123648","everyone",FALSE,"1550230368980123648","277215536","Official Twitter account of USF Research & Innovation: the University of South Florida is home to world-class, world changing research.",FALSE,"https://t.co/Ju9eQDL6gq","USFResearch",FALSE,"2011-04-04T22:55:18.000Z","Tampa, Florida","https://pbs.twimg.com/profile_images/1590011055840714753/hTIYNfjT_normal.png","USF Research",NA,4,0,0,0,0,10986,3089,18434,162,NA,"Associate Professor Heather Judkins is discovering new species while part of a team @Squirt_GOM studying the impact of oil spills in the Gulf of Mexico. 

Judkins will get to continue her work on July 26 during a 12-day research cruise. #biology #science 
https://t.co/12zbk56mSK https://t.co/zOG0ZwEoZf"
"17","Part of the DEEPEND Consortium, #USF professor Heather Judkins studies the impact of oil spills in the Gulf of Mexico.

This week, she‚Äôll embark on another research trip to collect specimens &amp; examine how biodiversity in the area has changed over time.üåäüî¨ . https   www stpetersburg usf edu news 2022 biology professor research gulf aspx","en",2022-07-25 15:02:00,"1551583553192083456","everyone",FALSE,"1551583553192083456","39306293","America‚Äôs fastest-rising university. https://t.co/5aD6QAX0Qt | https://t.co/75GX9gSzeX | https://t.co/bhfEr6fkp2",TRUE,"https://t.co/SN4sGCoO2k","USouthFlorida",FALSE,"2009-05-11T18:21:04.000Z","Tampa, Florida","https://pbs.twimg.com/profile_images/1603040572226379777/_HlFH5jr_normal.jpg","University of South Florida",NA,2,0,3,0,0,120189,375,19694,600,NA,"Part of the DEEPEND Consortium, #USF professor Heather Judkins studies the impact of oil spills in the Gulf of Mexico.

This week, she‚Äôll embark on another research trip to collect specimens &amp; examine how biodiversity in the area has changed over time.üåäüî¨ https://t.co/kzlsI5rjC1"
