"","text","id","reply_settings","possibly_sensitive","conversation_id","author_id","created_at.x","lang","in_reply_to_user_id","profile_image_url","location","created_at.y","verified","protected","url","description","username","name","pinned_tweet_id","public_metrics.x_retweet_count","public_metrics.x_reply_count","public_metrics.x_like_count","public_metrics.x_quote_count","public_metrics.x_impression_count","public_metrics.y_followers_count","public_metrics.y_following_count","public_metrics.y_tweet_count","public_metrics.y_listed_count","geo_place_id","text_with_display_links"
"1","#Redtide üö®  . https   www wfla com news pasco county shrimpers in pasco county struggling as red tide devastates fishing industry 1386205140","1032597893348241409","everyone",FALSE,"1032597893348241409","554029535",2018-08-23 11:58:17,"und",NA,"https://pbs.twimg.com/profile_images/779401699710513153/wdBG8rb9_normal.jpg","Jamaica","2012-04-15T03:17:25.000Z",FALSE,FALSE,NA,"An island girl that loves desserts & her bed. Trying to accomplish my dreams; follower of God and mommy to 2 four legged children.","leahabrahams1","Sophie Ann",NA,0,0,0,0,0,155,174,8890,14,NA,"#Redtide üö®  https://t.co/WhZL1Rt2Av"
"2","Historic home burns in Pasco county, the latest on red tide and where to vote tomorrow in the Dove Daily Update

#DoveDailyUpdate #stilthouse #Pasco #redtide #FWC #Mondaymotivation . https   twitter com 1055WDUV status 1034002598909628416 photo 1","1034002598909628416","everyone",FALSE,"1034002598909628416","608235166",2018-08-27 09:00:05,"en",NA,"https://pbs.twimg.com/profile_images/1608095098629128192/gFQPV-Kp_normal.jpg","Tampa Bay, FL","2012-06-14T15:23:54.000Z",FALSE,FALSE,"https://t.co/i1RO8qiOD7","105.5 WDUV The Dove plays all of Tampa Bay's Lite Favorites! Stream anytime online!","1055TheDove","105.5 The Dove",NA,0,0,0,0,0,2830,4487,26825,64,NA,"Historic home burns in Pasco county, the latest on red tide and where to vote tomorrow in the Dove Daily Update

#DoveDailyUpdate #stilthouse #Pasco #redtide #FWC #Mondaymotivation https://t.co/VPCofLMAEL"
"3","I hunt down and remove floating plastic from the ocean. Want to see me fight the good fight? Maybe you can help too! #whales #animals #oceans #florida #redtide #pascocounty #pinellascounty #pollution . https   www youtube com watch","1043903334942478338","everyone",FALSE,"1043903334942478338","2151617310",2018-09-23 16:42:04,"en",NA,"https://pbs.twimg.com/profile_images/378800000666719028/2e156bf12af7a9e5532096c25eb20b18_normal.jpeg","Florida","2013-10-23T20:13:56.000Z",FALSE,FALSE,"https://t.co/rYhiaIpjjD","Author, voice actor, narrator, paranormal and occult expert, supernatural researcher. https://t.co/R77XjRbsdR","NathanTarantla","NathanNarratesHorror","1251239683205607427",0,0,1,0,0,19711,20854,115142,742,NA,"I hunt down and remove floating plastic from the ocean. Want to see me fight the good fight? Maybe you can help too! #whales #animals #oceans #florida #redtide #pascocounty #pinellascounty #pollution https://t.co/Oi1GKcLSpa"
"4","Federal @SBAgov disaster low-interest loans now available to #Pinellas, #Pasco county businesses impacted by #redtide. Same loans made avail to #Manatee, #Sarasota county biz's earlier this month.  @10NewsWTSP . https   www wtsp com article news red tide federal disaster loans now available to pinellas pasco county businesses impacted by red tide 67 597512847. https   twitter com joshsidorowicz status 1044177126197538816 video 1","1044177126197538816","everyone",FALSE,"1044177126197538816","141706091",2018-09-24 10:50:01,"en",NA,"https://pbs.twimg.com/profile_images/1558127180747612162/zqNa9e8f_normal.jpg","Tampa, FL","2010-05-08T20:14:22.000Z",TRUE,FALSE,"https://t.co/hWQcHwPK4w","// @10TampaBay // anchor // #VERIFY // @michiganstateu alum // Email me jsidorowic@10tampabay.com","JoshWTSP","Josh Sidorowicz WTSP","1468625097627947008",2,0,2,0,0,2384,1286,16364,112,"5d231ed8656fcf5a","Federal @SBAgov disaster low-interest loans now available to #Pinellas, #Pasco county businesses impacted by #redtide. Same loans made avail to #Manatee, #Sarasota county biz's earlier this month. https://t.co/nTQOae4Dty @10NewsWTSP https://t.co/AMuEVCM79Y"
"5","RT @joshsidorowicz: Federal @SBAgov disaster low-interest loans now available to #Pinellas, #Pasco county businesses impacted by #redtide.‚Ä¶","1044177526099267586","everyone",FALSE,"1044177526099267586","16743886",2018-09-24 10:51:36,"en",NA,"https://pbs.twimg.com/profile_images/1257694617690046467/ISKyPJi0_normal.jpg","Tampa, Florida","2008-10-14T19:14:27.000Z",TRUE,FALSE,"https://t.co/rHVdIDVNLL","10 Tampa Bay (CBS, TEGNA) covers news in Tampa, St. Petersburg, Clearwater & Sarasota.  News tips? üì± 727-577-1010, üìß desk@wtsp.com or reply using @10TampaBay","10TampaBay","10 Tampa Bay",NA,2,0,0,0,0,180079,11957,313782,1716,NA,"Federal @SBAgov disaster low-interest loans now available to #Pinellas, #Pasco county businesses impacted by #redtide. Same loans made avail to #Manatee, #Sarasota county biz's earlier this month. https://t.co/nTQOae4Dty @10NewsWTSP https://t.co/AMuEVCM79Y"
"6","RT @joshsidorowicz: Federal @SBAgov disaster low-interest loans now available to #Pinellas, #Pasco county businesses impacted by #redtide.‚Ä¶","1044282175061983232","everyone",FALSE,"1044282175061983232","2547103692",2018-09-24 17:47:27,"en",NA,"https://pbs.twimg.com/profile_images/1595056730345545728/-z507Leh_normal.jpg","Washington, D.C.","2014-06-05T01:18:58.000Z",FALSE,FALSE,"https://t.co/AzVpRVvqRy","Studio/Social Media Manager @AFA_Air_Space üé• Dog mom üêæ Fitness geek üèÉüèΩ‚Äç‚ôÄÔ∏è Foodie üåØ Proud FSU & Ole Miss alum üéì Tampa native üå¥‚òÄÔ∏è","sammitchh101","Samantha Mitchell","1549204500455591936",2,0,0,0,0,1135,2096,5709,30,NA,"Federal @SBAgov disaster low-interest loans now available to #Pinellas, #Pasco county businesses impacted by #redtide. Same loans made avail to #Manatee, #Sarasota county biz's earlier this month. https://t.co/nTQOae4Dty @10NewsWTSP https://t.co/AMuEVCM79Y"
"7","A restriction on fishing for red drum and snook was extended to next spring and will stretch north to Pasco County, as the state continues trying to limit impacts from a red-tide outbreak along the Gulf Coast. . https   www bizjournals com tampabay news 2018 09 27 fishing restriction extended in tampa bay amid red html","1045775413165854720","everyone",FALSE,"1045775413165854720","2701863841",2018-09-28 20:41:02,"en",NA,"https://pbs.twimg.com/profile_images/1261323378079735808/MGIjyXmc_normal.jpg","Florida, USA","2014-08-02T22:02:05.000Z",FALSE,FALSE,"https://t.co/KznHCq17zJ","Fighting political corruption in Florida by galvanizing public resolve to end the systemic pollution and mismanagement of our waterways.","VoteWaterFL","VoteWater",NA,3,1,1,1,0,1820,1059,4388,25,NA,"A restriction on fishing for red drum and snook was extended to next spring and will stretch north to Pasco County, as the state continues trying to limit impacts from a red-tide outbreak along the Gulf Coast. https://t.co/1c9FGHMuAg"
"8","RT @bullsugar: A restriction on fishing for red drum and snook was extended to next spring and will stretch north to Pasco County, as the s‚Ä¶","1045776266610319361","everyone",FALSE,"1045776266610319361","1037413996025004033",2018-09-28 20:44:26,"en",NA,"https://pbs.twimg.com/profile_images/1045316919371284481/Z0Omr8p4_normal.jpg","Tallahassee, FL","2018-09-05T18:55:45.000Z",FALSE,FALSE,"https://t.co/CiwQ4py9VN","Your outdoor industry business is unique, you approach your niche in your own way & your digital marketing model should align with your specific vision & goals.","forgedbyTC","Forged by Tarpon Creek",NA,3,0,0,0,0,12,118,42,0,NA,"A restriction on fishing for red drum and snook was extended to next spring and will stretch north to Pasco County, as the state continues trying to limit impacts from a red-tide outbreak along the Gulf Coast. https://t.co/1c9FGHMuAg"
"9","@bullsugar Won't be any snook down there next year","1045788201854660608","everyone",FALSE,"1045775413165854720","832270099629248514",2018-09-28 21:31:51,"en","2701863841","https://abs.twimg.com/sticky/default_profile_images/default_profile_normal.png",NA,"2017-02-16T16:47:09.000Z",FALSE,FALSE,NA,"","mcgee_gc","GC McGee",NA,0,0,0,0,0,8,106,428,0,NA,NA
"10","UPDATE: Red tide conditions improve in Pinellas, Manatee and Sarasota counties; very low concentrations observed in Pasco County #redtide  . https   www wfla com 1483000382. https   twitter com WFLA status 1045792329544724480 photo 1","1045792329544724480","everyone",FALSE,"1045792329544724480","23820899",2018-09-28 21:48:15,"en",NA,"https://pbs.twimg.com/profile_images/1539812844660719616/2FlxM4l8_normal.jpg","Tampa, FL","2009-03-11T20:14:10.000Z",TRUE,FALSE,"https://t.co/qPxwyiszHG","WFLA News Channel 8 is a news leader in Tampa Bay.","WFLA","WFLA NEWS",NA,0,0,0,0,0,204727,2285,233099,1704,NA,"UPDATE: Red tide conditions improve in Pinellas, Manatee and Sarasota counties; very low concentrations observed in Pasco County #redtide https://t.co/Yr16MU5vGh https://t.co/z3VKSbg720"
"11","RT @bullsugar: A restriction on fishing for red drum and snook was extended to next spring and will stretch north to Pasco County, as the s‚Ä¶","1046114069919477762","everyone",FALSE,"1046114069919477762","15681570",2018-09-29 19:06:44,"en",NA,"https://pbs.twimg.com/profile_images/1500674151371218946/UvU_sdsU_normal.jpg","Venice, FL","2008-07-31T22:15:25.000Z",FALSE,FALSE,NA,"CELIAC~#MAGA, Jewelry maker-multi-media artist-nail tech-golfer-foodie-Jeep girl-boxer mom ‚ù§clean water‚ù§Patriot ‚ù§2A‚ù§GodBlessAmerica
#Trumpwon ‚ù§üá∫üá∏üíôüôè Florida","MichigAndi","MichigAndi~Ultra-MAGAüêäüíúüçäüá∫üá∏","1450150161229955077",3,0,0,0,0,2683,4943,45613,27,NA,"A restriction on fishing for red drum and snook was extended to next spring and will stretch north to Pasco County, as the state continues trying to limit impacts from a red-tide outbreak along the Gulf Coast. https://t.co/1c9FGHMuAg"
"12","RT @bullsugar: A restriction on fishing for red drum and snook was extended to next spring and will stretch north to Pasco County, as the s‚Ä¶","1046421564433027074","everyone",FALSE,"1046421564433027074","2306923762",2018-09-30 15:28:37,"en",NA,"https://pbs.twimg.com/profile_images/916650476841717762/-wmR9XQG_normal.jpg","United States","2014-01-27T03:13:43.000Z",FALSE,FALSE,NA,"","RexieRuffalo","Rexie Ruffalo",NA,3,0,0,0,0,41,143,2189,3,NA,"A restriction on fishing for red drum and snook was extended to next spring and will stretch north to Pasco County, as the state continues trying to limit impacts from a red-tide outbreak along the Gulf Coast. https://t.co/1c9FGHMuAg"
"13","Scam in Pasco County and is red tide gone?

#DoveDailyUpdate #PCSO #DukeEnergy #RedTide

 . https   www wduv com news breaking news scam hitting pasco county residents 1t5HrSDrGlMUfi7uLpiAxM. https   twitter com 1055WDUV status 1069513272246849536 photo 1","1069513272246849536","everyone",FALSE,"1069513272246849536","608235166",2018-12-03 08:46:49,"en",NA,"https://pbs.twimg.com/profile_images/1608095098629128192/gFQPV-Kp_normal.jpg","Tampa Bay, FL","2012-06-14T15:23:54.000Z",FALSE,FALSE,"https://t.co/i1RO8qiOD7","105.5 WDUV The Dove plays all of Tampa Bay's Lite Favorites! Stream anytime online!","1055TheDove","105.5 The Dove",NA,0,0,0,0,0,2830,4487,26825,64,NA,"Scam in Pasco County and is red tide gone?

#DoveDailyUpdate #PCSO #DukeEnergy #RedTide

https://t.co/GHhFsdgchf https://t.co/37CqszNU5L"
"14","Some good news for a change. ""More than 10.000 juvenile and adults redfish will be released this month along the Gulf Coast in areas that were impacted by #redtide, starting in Pasco County.""

. http   ed gr bbpvq","1092774341983514625","everyone",FALSE,"1092774341983514625","1046953802245578753",2019-02-05 13:18:00,"en",NA,"https://pbs.twimg.com/profile_images/1046954462252650496/fAI8sUWg_normal.jpg","Boca Grande, FL","2018-10-02T02:43:32.000Z",FALSE,FALSE,"https://t.co/nrcNO8vykn","We are a nonpartisan group of FL citizens demanding that our politicians take action to help Florida heal from the red tide and green algae poisoning our state.","HelpFloridaHeal","Help Florida Heal","1304150592277929984",1,0,0,0,0,147,346,1462,2,NA,"Some good news for a change. ""More than 10.000 juvenile and adults redfish will be released this month along the Gulf Coast in areas that were impacted by #redtide, starting in Pasco County.""

https://t.co/vnBXhVGplS"
"15","It's a great day for a fish release! @DukeEnergy donated 16,000+ redfish that will be released on the west coast of #FL in the coming weeks following recent #redtide occurrence. Today's the 1st in #Pasco County. Thanks to partnership with @CCANational @MyFWClife! . https   twitter com DE_PeveetaP status 1092805811523465216 photo 1","1092805811523465216","everyone",FALSE,"1092805811523465216","710136819480788992",2019-02-05 15:23:03,"en",NA,"https://pbs.twimg.com/profile_images/1445479762437173248/eToQVdKc_normal.jpg","Florida, USA","2016-03-16T16:13:06.000Z",FALSE,FALSE,"https://t.co/7lwlJGdoGH","Corporate giving manager for @DukeEnergy in Florida. @UCF #AlumKnight & @UFMBA student. All tweets are my own.","Peveeta_FL","Peveeta Samuel",NA,3,0,8,2,0,937,406,2423,16,"07d9ed1f05088001","It's a great day for a fish release! @DukeEnergy donated 16,000+ redfish that will be released on the west coast of #FL in the coming weeks following recent #redtide occurrence. Today's the 1st in #Pasco County. Thanks to partnership with @CCANational @MyFWClife! https://t.co/b2wmP7ChQG"
"16","RT @DE_PeveetaP: It's a great day for a fish release! @DukeEnergy donated 16,000+ redfish that will be released on the west coast of #FL in‚Ä¶","1092805952087252997","everyone",FALSE,"1092805952087252997","707999894473080832",2019-02-05 15:23:36,"en",NA,"https://pbs.twimg.com/profile_images/926542371562622976/3Wc8eWeI_normal.jpg",NA,"2016-03-10T18:41:43.000Z",FALSE,FALSE,"https://t.co/ul4C3F2hys","Corporate Communications for @DukeEnergy #Florida. All tweets are my own.","DE_AnaGibbs","Ana Gibbs",NA,3,0,0,0,0,1521,796,5687,31,NA,"It's a great day for a fish release! @DukeEnergy donated 16,000+ redfish that will be released on the west coast of #FL in the coming weeks following recent #redtide occurrence. Today's the 1st in #Pasco County. Thanks to partnership with @CCANational @MyFWClife! https://t.co/b2wmP7ChQG"
"17",". @cca_florida @DukeEnergy @MyFWC are releasing 16,000 redfish along #Florida‚Äôs #GulfCoast to help with recovery from last year‚Äôs #RedTide. The effort started in #PascoCounty at #BrasherPark in #PortRichey. @BN9 . https   twitter com SarahBlazonis status 1092835934356283394 video 1","1092835934356283394","everyone",FALSE,"1092835934356283394","82108123",2019-02-05 17:22:45,"en",NA,"https://pbs.twimg.com/profile_images/1130170137825423362/pJlLng_P_normal.jpg","Tampa, FL","2009-10-13T14:32:50.000Z",FALSE,FALSE,NA,"Reporter for @BN9 üé§ | @NewhouseBDJ Grad üçä | PA‚û°Ô∏èNY‚û°Ô∏èFL","SarahBlazonis","Sarah Blazonis",NA,5,1,17,0,0,2777,3146,27044,102,NA,". @cca_florida @DukeEnergy @MyFWC are releasing 16,000 redfish along #Florida‚Äôs #GulfCoast to help with recovery from last year‚Äôs #RedTide. The effort started in #PascoCounty at #BrasherPark in #PortRichey. @BN9 https://t.co/ZIwaTkXc0g"
"18","RT @SarahBlazonis: . @cca_florida @DukeEnergy @MyFWC are releasing 16,000 redfish along #Florida‚Äôs #GulfCoast to help with recovery from la‚Ä¶","1092837105607286784","everyone",FALSE,"1092837105607286784","17308428",2019-02-05 17:27:24,"en",NA,"https://pbs.twimg.com/profile_images/912176447036502017/BBeoQTuF_normal.jpg","Tampa Bay area","2008-11-11T12:03:53.000Z",TRUE,FALSE,"http://t.co/j3OZJEwDmE","Breaking news first in Tampa Bay. Continuous updates and in-depth coverage only @BN9, @BN9weather and @BN9Traffic can provide  |  News. Weather. Now.","BN9","Spectrum Bay News 9",NA,5,0,0,0,0,384435,443,144237,1747,NA,". @cca_florida @DukeEnergy @MyFWC are releasing 16,000 redfish along #Florida‚Äôs #GulfCoast to help with recovery from last year‚Äôs #RedTide. The effort started in #PascoCounty at #BrasherPark in #PortRichey. @BN9 https://t.co/ZIwaTkXc0g"
"19","This is one of the 25 adult fish released today. They were donated by the @DukeEnergy Mariculture Center in #CrystalRiver. @BN9 https://t.co/qJ1nxNmDAP","1092837146606616576","everyone",FALSE,"1092835934356283394","82108123",2019-02-05 17:27:34,"en","82108123","https://pbs.twimg.com/profile_images/1130170137825423362/pJlLng_P_normal.jpg","Tampa, FL","2009-10-13T14:32:50.000Z",FALSE,FALSE,NA,"Reporter for @BN9 üé§ | @NewhouseBDJ Grad üçä | PA‚û°Ô∏èNY‚û°Ô∏èFL","SarahBlazonis","Sarah Blazonis",NA,2,1,9,0,0,2777,3150,27096,102,NA,NA
"20","RT @SarahBlazonis: . @cca_florida @DukeEnergy @MyFWC are releasing 16,000 redfish along #Florida‚Äôs #GulfCoast to help with recovery from la‚Ä¶","1092837493844643840","everyone",FALSE,"1092837493844643840","274642013",2019-02-05 17:28:57,"en",NA,"https://pbs.twimg.com/profile_images/500471800502165505/lEtsXEE__normal.jpeg","Florida","2011-03-30T18:00:18.000Z",FALSE,FALSE,NA,"","PuggieSue","Suzanne Ryan",NA,5,0,0,0,0,337,246,174922,2,NA,". @cca_florida @DukeEnergy @MyFWC are releasing 16,000 redfish along #Florida‚Äôs #GulfCoast to help with recovery from last year‚Äôs #RedTide. The effort started in #PascoCounty at #BrasherPark in #PortRichey. @BN9 https://t.co/ZIwaTkXc0g"
"21","About 2,000 juvenile redfish were released. Upcoming releases will take place in #Hillsborough, #Pinellas, #Sarasota, #Charlotte, #Lee, #Collier, and #Manatee Counties. @BN9 https://t.co/efcnUQToKH","1092838686868365312","everyone",FALSE,"1092835934356283394","82108123",2019-02-05 17:33:41,"en","82108123","https://pbs.twimg.com/profile_images/1130170137825423362/pJlLng_P_normal.jpg","Tampa, FL","2009-10-13T14:32:50.000Z",FALSE,FALSE,NA,"Reporter for @BN9 üé§ | @NewhouseBDJ Grad üçä | PA‚û°Ô∏èNY‚û°Ô∏èFL","SarahBlazonis","Sarah Blazonis",NA,5,1,6,0,0,2777,3150,27096,102,NA,NA
"22","I‚Äôll have more details on how it‚Äôs hoped these little guys can help with #RedTide recovery coming up on @BN9 at 5:00. https://t.co/eaPIZPfwMN","1092839537108234242","everyone",FALSE,"1092835934356283394","82108123",2019-02-05 17:37:04,"en","82108123","https://pbs.twimg.com/profile_images/1130170137825423362/pJlLng_P_normal.jpg","Tampa, FL","2009-10-13T14:32:50.000Z",FALSE,FALSE,NA,"Reporter for @BN9 üé§ | @NewhouseBDJ Grad üçä | PA‚û°Ô∏èNY‚û°Ô∏èFL","SarahBlazonis","Sarah Blazonis",NA,2,0,3,0,0,2777,3150,27096,102,NA,NA
"23","RT @SarahBlazonis: . @cca_florida @DukeEnergy @MyFWC are releasing 16,000 redfish along #Florida‚Äôs #GulfCoast to help with recovery from la‚Ä¶","1092847528159182848","everyone",FALSE,"1092847528159182848","632116384",2019-02-05 18:08:49,"en",NA,"https://pbs.twimg.com/profile_images/839858806481833984/wMKgGy4h_normal.jpg","united states","2012-07-10T16:23:02.000Z",FALSE,FALSE,NA,"vegan, atheist, liberal","pc3244","Paul Cole",NA,5,0,0,0,0,1415,2140,145013,56,NA,". @cca_florida @DukeEnergy @MyFWC are releasing 16,000 redfish along #Florida‚Äôs #GulfCoast to help with recovery from last year‚Äôs #RedTide. The effort started in #PascoCounty at #BrasherPark in #PortRichey. @BN9 https://t.co/ZIwaTkXc0g"
"24","RT @SarahBlazonis: . @cca_florida @DukeEnergy @MyFWC are releasing 16,000 redfish along #Florida‚Äôs #GulfCoast to help with recovery from la‚Ä¶","1092928391521685508","everyone",FALSE,"1092928391521685508","130349411",2019-02-05 23:30:08,"en",NA,"https://pbs.twimg.com/profile_images/1442454083793784835/SMtjD1Mb_normal.jpg",NA,"2010-04-07T01:46:07.000Z",FALSE,FALSE,NA,"Animal lover,Art,Music Movies and Good Food. Lists=Blocked. Bots,Trolls,Trumpers=Blocked .z https://t.co/RWWiYY1SiZ","reneeg1147","Irene Goltry ü™êüíú",NA,5,0,0,0,0,1992,3499,285610,6,NA,". @cca_florida @DukeEnergy @MyFWC are releasing 16,000 redfish along #Florida‚Äôs #GulfCoast to help with recovery from last year‚Äôs #RedTide. The effort started in #PascoCounty at #BrasherPark in #PortRichey. @BN9 https://t.co/ZIwaTkXc0g"
"25","RT @DE_PeveetaP: It's a great day for a fish release! @DukeEnergy donated 16,000+ redfish that will be released on the west coast of #FL in‚Ä¶","1092984428429754368","everyone",FALSE,"1092984428429754368","884501771321827328",2019-02-06 03:12:49,"en",NA,"https://pbs.twimg.com/profile_images/1574338282573422592/uVsWKURp_normal.jpg","Ocala, FL","2017-07-10T19:57:10.000Z",FALSE,FALSE,"https://t.co/gXdbzJZkPs","Community Relations Liaison at Duke Energy on Florida's Nature Coast. Tweets and opinions are my own.","CRLamhooper","Annemarie",NA,3,0,0,0,0,112,251,169,3,NA,"It's a great day for a fish release! @DukeEnergy donated 16,000+ redfish that will be released on the west coast of #FL in the coming weeks following recent #redtide occurrence. Today's the 1st in #Pasco County. Thanks to partnership with @CCANational @MyFWClife! https://t.co/b2wmP7ChQG"
"26","RT @DE_PeveetaP: It's a great day for a fish release! @DukeEnergy donated 16,000+ redfish that will be released on the west coast of #FL in‚Ä¶","1093343199198875648","everyone",FALSE,"1093343199198875648","2988931272",2019-02-07 02:58:26,"en",NA,"https://pbs.twimg.com/profile_images/726956855050821632/q1eeibN8_normal.jpg","Greenwood, IN","2015-01-18T20:08:58.000Z",FALSE,FALSE,NA,"Structuring Director - Duke Energy Sustainable Solutions","tony_kaelin","Tony Kaelin",NA,3,0,0,0,0,115,518,875,0,NA,"It's a great day for a fish release! @DukeEnergy donated 16,000+ redfish that will be released on the west coast of #FL in the coming weeks following recent #redtide occurrence. Today's the 1st in #Pasco County. Thanks to partnership with @CCANational @MyFWClife! https://t.co/b2wmP7ChQG"
"27","RT @HelpFloridaHeal: Some good news for a change. ""More than 10.000 juvenile and adults redfish will be released this month along the Gulf‚Ä¶","1093453930175049728","everyone",FALSE,"1093453930175049728","799278959850647552",2019-02-07 10:18:27,"en",NA,"https://pbs.twimg.com/profile_images/1072149071413026818/h8hNk6ga_normal.jpg","Michigan, USA","2016-11-17T15:52:08.000Z",FALSE,FALSE,NA,"Wildlife, Pollinators üêù, Native Plants, Music üé∂ & Film üåé Love Mother Earth üåû Monarch Waystation #11595","Pkitty1975","Erin K.",NA,1,0,0,0,0,930,3460,59533,23,NA,"Some good news for a change. ""More than 10.000 juvenile and adults redfish will be released this month along the Gulf Coast in areas that were impacted by #redtide, starting in Pasco County.""

https://t.co/vnBXhVGplS"
"28","See the juvenile #redfish being released into Pasco county waters. #redtide #helpfloridaheal. ","1095099914995097602","everyone",FALSE,"1095099914995097602","1046953802245578753",2019-02-11 23:19:00,"en",NA,"https://pbs.twimg.com/profile_images/1046954462252650496/fAI8sUWg_normal.jpg","Boca Grande, FL","2018-10-02T02:43:32.000Z",FALSE,FALSE,"https://t.co/nrcNO8vykn","We are a nonpartisan group of FL citizens demanding that our politicians take action to help Florida heal from the red tide and green algae poisoning our state.","HelpFloridaHeal","Help Florida Heal","1304150592277929984",0,0,0,0,0,147,346,1462,2,NA,"See the juvenile #redfish being released into Pasco county waters. #redtide #helpfloridaheal"
"29","Die-off from #redtide was no joke. Remember #snook are #catchandrelease from the Pasco/Hernando county line through Gordon Pass in Collier County through Aug. 31, 2019. #conservation‚Ä¶ . https   www instagram com p BvuitNLgM3A","1112821978849861633","everyone",FALSE,"1112821978849861633","795741877811154945",2019-04-01 21:00:09,"en",NA,"https://pbs.twimg.com/profile_images/976863464202305537/rsQ8Uh8d_normal.jpg","Tampa, FL","2016-11-07T21:37:02.000Z",FALSE,FALSE,NA,"I am Greg. I lived in Guntersville. I left Guntersville. I fish from a kayak.","GregLeftGville","Greg Riddle",NA,0,0,0,0,0,29,12,154,1,NA,"Die-off from #redtide was no joke. Remember #snook are #catchandrelease from the Pasco/Hernando county line through Gordon Pass in Collier County through Aug. 31, 2019. #conservation‚Ä¶ https://t.co/9xYEVpHykE"
"30","#Redtide is again causing fish kills along Florida's Gulf coast. And as the fishery works to recover from last year's event, snook, red drum and spotted seatrout are all catch and release from Pasco County down to Collier County. . https   wusfnews wusf usf edu environment 2019 11 25 red tide affects gulf coast fishing through the holidays","1199024956979523584","everyone",FALSE,"1199024956979523584","17544442",2019-11-25 18:00:01,"en",NA,"https://pbs.twimg.com/profile_images/882569215559028736/RMkZ8wkh_normal.jpg","Tampa, FL","2008-11-21T20:07:08.000Z",TRUE,FALSE,"https://t.co/KBo4cZ3VYG","WUSF Public Media is the Tampa Bay area‚Äôs source for news, in-depth reporting, educational programming, arts, and the finest classical music.","wusf","WUSF",NA,4,0,0,0,0,14577,2303,37710,482,NA,"#Redtide is again causing fish kills along Florida's Gulf coast. And as the fishery works to recover from last year's event, snook, red drum and spotted seatrout are all catch and release from Pasco County down to Collier County. https://t.co/ibpQeO7rBV"
"31","RT @wusf: #Redtide is again causing fish kills along Florida's Gulf coast. And as the fishery works to recover from last year's event, snoo‚Ä¶","1199032062423924736","everyone",FALSE,"1199032062423924736","39405268",2019-11-25 18:28:15,"en",NA,"https://pbs.twimg.com/profile_images/1223336177249353728/DUzY4cfj_normal.jpg","Tampa, FL","2009-05-12T02:00:54.000Z",TRUE,FALSE,"https://t.co/WWal03PLSg","Editor of @HealthNewsFL at @WUSF. Formally @tbocom and @NDN. Story ideas: julioochoa@wusf.org","julioochoa","Julio Ochoa",NA,4,0,0,0,0,801,1071,1538,43,NA,"#Redtide is again causing fish kills along Florida's Gulf coast. And as the fishery works to recover from last year's event, snook, red drum and spotted seatrout are all catch and release from Pasco County down to Collier County. https://t.co/ibpQeO7rBV"
"32","RT @wusf: #Redtide is again causing fish kills along Florida's Gulf coast. And as the fishery works to recover from last year's event, snoo‚Ä¶","1199284766383759363","everyone",FALSE,"1199284766383759363","390281832",2019-11-26 11:12:24,"en",NA,"https://pbs.twimg.com/profile_images/895965480438996994/72cmaIZw_normal.jpg","Tampa, Florida","2011-10-13T18:55:53.000Z",TRUE,FALSE,"https://t.co/rAtiHyApXZ","News Director @NPR affiliate @WUSF, former @HealthNewsFL editor, @TBO.com, @TheAlligator, @UFJSchool Alum. She/Her","MaryShedden","Mary Shedden",NA,4,0,0,0,0,2941,2929,9804,163,NA,"#Redtide is again causing fish kills along Florida's Gulf coast. And as the fishery works to recover from last year's event, snook, red drum and spotted seatrout are all catch and release from Pasco County down to Collier County. https://t.co/ibpQeO7rBV"
"33","RT @wusf: #Redtide is again causing fish kills along Florida's Gulf coast. And as the fishery works to recover from last year's event, snoo‚Ä¶","1199705446052966401","everyone",FALSE,"1199705446052966401","632873556",2019-11-27 15:04:02,"en",NA,"https://pbs.twimg.com/profile_images/1146833110090297345/bBhvQJAA_normal.png",NA,"2012-07-11T10:49:19.000Z",FALSE,FALSE,NA,"Advocate for liberal arts, serious reform of student loan program & restoring original mission of HEA. Conservationist, recycler & vegan.","sharynski","Sharyn #VoteForOurLives",NA,4,0,0,0,0,910,916,89480,61,NA,"#Redtide is again causing fish kills along Florida's Gulf coast. And as the fishery works to recover from last year's event, snook, red drum and spotted seatrout are all catch and release from Pasco County down to Collier County. https://t.co/ibpQeO7rBV"
"34","RT @wusf: #Redtide is again causing fish kills along Florida's Gulf coast. And as the fishery works to recover from last year's event, snoo‚Ä¶","1199737431261679618","everyone",FALSE,"1199737431261679618","56769363",2019-11-27 17:11:08,"en",NA,"https://pbs.twimg.com/profile_images/1347524229932216321/BNb0PEzG_normal.jpg","Florida","2009-07-14T18:16:30.000Z",FALSE,FALSE,"https://t.co/zy69MnzXuZ","Great service, excellent selection & competitive pricing, with locations in Bradenton, Sarasota, Palmetto and Tampa, for all your landscape needs.","BigEarthSupply","BigEarthSupply",NA,4,0,0,0,0,318,474,2331,3,NA,"#Redtide is again causing fish kills along Florida's Gulf coast. And as the fishery works to recover from last year's event, snook, red drum and spotted seatrout are all catch and release from Pasco County down to Collier County. https://t.co/ibpQeO7rBV"
"35","#RedTide toll prompts #Florida to limit some fishing to catch-and-release #Hernando #Pasco . http   a msn com 01 en us BB10aUh2","1230293666360676352","everyone",FALSE,"1230293666360676352","3822351699",2020-02-20 00:50:42,"en",NA,"https://pbs.twimg.com/profile_images/1589910129209655297/KwnHh6x0_normal.jpg","United States","2015-09-30T08:11:56.000Z",FALSE,FALSE,NA,"Semi-satirical political commentary. #ClassicRock #HeavyMetal #HardRock mostly. Other interests: #Quotes #Nature #Art #Wildlife. R rated.","Merican_Muse","(Semi-Satire) Riff Raff (Alfalfa Male)","1611095047340019735",0,0,0,0,0,2167,1001,25833,8,NA,"#RedTide toll prompts #Florida to limit some fishing to catch-and-release #Hernando #Pasco https://t.co/5YTcWVgmu5"
"36","The latest red tide report shows a patchy bloom of the red tide organism, Karenia Brevis, which persists on the Florida Gulf Coast. . https   www abcactionnews com news region pinellas latest red tide report shows fish kills in hillsborough pasco and pinellas counties","1407911359430463498","everyone",FALSE,"1407911359430463498","15138087",2021-06-24 04:00:00,"en",NA,"https://pbs.twimg.com/profile_images/875429460807438337/4yx0qIuz_normal.jpg","Tampa","2008-06-16T20:08:51.000Z",TRUE,FALSE,"https://t.co/hjOLC3xFry","Tampa Bay News: Check out our traffic feed here: https://t.co/M2uAC172SI","abcactionnews","ABC Action News",NA,0,0,0,0,0,173435,650,186169,1584,NA,"The latest red tide report shows a patchy bloom of the red tide organism, Karenia Brevis, which persists on the Florida Gulf Coast. https://t.co/BpkYxsFjcH"
"37","""So far, the county has removed 66.8 tons of ‚ÄúRed Tide-related debris‚Äù ‚Äî mostly marine life killed by Karenia brevis.""

. https   www tampabay com news environment 2021 06 23 those red tide blooms in pinellas just reached the pasco coast","1408103441201831942","everyone",FALSE,"1408103441201831942","33515703",2021-06-24 16:43:16,"en",NA,"https://pbs.twimg.com/profile_images/1111323850594226176/q3Tk7xLF_normal.jpg","en route","2009-04-20T13:44:11.000Z",TRUE,FALSE,"https://t.co/v6Z5acZ4EA","@cnn storyteller covering the fate of life on üåè 
The Wonder List with Bill Weir now streaming on @discoveryplus","BillWeirCNN","Bill Weir","1586340004305174528",2,0,7,0,0,134520,3547,35565,1670,NA,"""So far, the county has removed 66.8 tons of ‚ÄúRed Tide-related debris‚Äù ‚Äî mostly marine life killed by Karenia brevis.""

https://t.co/X4KYeT5lhk"
"38","RT @BillWeirCNN: ""So far, the county has removed 66.8 tons of ‚ÄúRed Tide-related debris‚Äù ‚Äî mostly marine life killed by Karenia brevis.""

ht‚Ä¶","1408113630432968711","everyone",FALSE,"1408113630432968711","3266480125",2021-06-24 17:23:45,"en",NA,"https://pbs.twimg.com/profile_images/1595843842141462529/n4ILkxSb_normal.jpg","Dunedin, FL","2015-07-02T21:11:48.000Z",FALSE,FALSE,NA,"and she/her lived not all that happily ever after. Brentford üêù","harleykatt","katt","1566476013118406658",2,0,0,0,0,79,488,9894,1,NA,"""So far, the county has removed 66.8 tons of ‚ÄúRed Tide-related debris‚Äù ‚Äî mostly marine life killed by Karenia brevis.""

https://t.co/X4KYeT5lhk"
"39","RED TIDE UPDATE: Suspected #redtide-related fish kills were reported in Hillsborough, Pasco, and Pinellas Counties, and suspected red tide-related respiratory problems were reported in Pinellas and Sarasota Counties. #swfl . https   news wgcu org 2021 02 11 red tide report","1410652719635779587","everyone",FALSE,"1410652719635779587","73450877",2021-07-01 17:33:11,"en",NA,"https://pbs.twimg.com/profile_images/1191408483263926272/xIuIYXJy_normal.jpg","Fort Myers, Florida","2009-09-11T18:36:50.000Z",TRUE,FALSE,"https://t.co/uJhqoXch0A","Broadcasting Quality Television and Radio to Southwest Florida Southwest Florida‚Äôs @NPR station üì° 90.1 FM/91.7 FM Southwest Florida‚Äôs @PBS station üì∫ HDTV 30.1","wgcu","WGCU Public Media",NA,0,0,0,0,0,4046,742,33984,296,NA,"RED TIDE UPDATE: Suspected #redtide-related fish kills were reported in Hillsborough, Pasco, and Pinellas Counties, and suspected red tide-related respiratory problems were reported in Pinellas and Sarasota Counties. #swfl https://t.co/zmaI37rvWA"
"40","Welcome to Florida, home of lax building code enforcement, radioactive #PineyPoint ocean water, 
#RedTide in Tampa Bay &amp; the Gulf as far north as Pasco. The Florida dream is a Florida nightmare.

Concerns raised over red tide, dead fish in Tampa Bay . https   twitter com abcactionnews status 1410508472555278338","1410718029902663680","everyone",FALSE,"1410718029902663680","807410845026283520",2021-07-01 21:52:42,"en",NA,"https://pbs.twimg.com/profile_images/1384664334647894022/tL1zjH9y_normal.jpg","United States","2016-12-10T02:25:21.000Z",FALSE,FALSE,NA,"I burnüî•ü§• lies like #TrumpusCorruptus et al. burnüî• facts. I VOTE! I'm for a Clean Environment, Fairness, True Equality, Healthcare, Gun Control, & TRUTH!","realBLOTUS","Real Birdüê¶Lover‚ù§ of the US","1076386037147029504",1,0,1,0,0,372,1303,16967,1,NA,"Welcome to Florida, home of lax building code enforcement, radioactive #PineyPoint ocean water, 
#RedTide in Tampa Bay &amp; the Gulf as far north as Pasco. The Florida dream is a Florida nightmare.

Concerns raised over red tide, dead fish in Tampa Bay https://t.co/PZohBoOkLu"
"41","RT @realBLOTUS: Welcome to Florida, home of lax building code enforcement, radioactive #PineyPoint ocean water, 
#RedTide in Tampa Bay &amp; th‚Ä¶","1411634322373758976","everyone",FALSE,"1411634322373758976","3573480976",2021-07-04 10:33:44,"en",NA,"https://pbs.twimg.com/profile_images/1318752932716777474/a9n7TRqQ_normal.jpg","SOHAPPYurSOJEALOUSInAnAtticLol","2015-09-07T04:50:28.000Z",FALSE,FALSE,"https://t.co/UPHHNPXWpj","That‚Äôs QUEEN C*NT, to you!!üëëüíÖüèªüòå Get your D cups in a twist, leech!!üòÇ While Moley Danny DeVito Penguin melts more face off instead of waistüòÇ‚òïÔ∏è","ViolaLeeBluz","‚òÖüëëùîèùî¶ùî±ùî±ùî©ùîìùî¶ùîµùî¶üëë‚òÖüí´üîÆüíÄ‚ö°Ô∏è‚≠ïÔ∏è","1449628393255981056",1,0,0,0,0,375,2442,49487,24,NA,"Welcome to Florida, home of lax building code enforcement, radioactive #PineyPoint ocean water, 
#RedTide in Tampa Bay &amp; the Gulf as far north as Pasco. The Florida dream is a Florida nightmare.

Concerns raised over red tide, dead fish in Tampa Bay https://t.co/PZohBoOkLu"
"42","High levels of #redtide are still being reported from Pasco to Sarasota counties. Fishkill cleanups are approaching 1,000 tons.
. https   www wmnf org florida fisherman tv host accuses florida gov and fish and wildlife chief of downplaying red tide for profit","1417990203453714437","everyone",FALSE,"1417990203453714437","1022694384",2021-07-21 23:29:44,"en",NA,"https://pbs.twimg.com/profile_images/941706259585265666/6TyE-NDt_normal.jpg","USA","2012-12-19T19:16:41.000Z",FALSE,FALSE,"https://t.co/rfBFPfh2ZL","Associate Editor, Trending & Features @hearstcmg. I like motorbikes and books. Let‚Äôs watch a star war. RT ‚â† endorsement. Tips: Daniel.Figueroa@hearstmediact.com","danuscripts","Daniel Figueroa IV",NA,0,0,0,0,0,744,522,2032,18,NA,"High levels of #redtide are still being reported from Pasco to Sarasota counties. Fishkill cleanups are approaching 1,000 tons.
https://t.co/n5c6XEFw5e"
"43","Toxic #redtide blooms are persisting off of #Florida's #GulfCoast along #Pasco, #Pinellas, #Manatee, #Sarasota, #Charlotte and #Lee counties. Although, they are no longer moving north and may be actually receding from the northwest. @wusf . https   wusfnews wusf usf edu environment 2021 08 04 while red tide blooms persist they dont seem to be spreading north","1423058994294398976","everyone",FALSE,"1423058994294398976","853887504",2021-08-04 23:11:18,"en",NA,"https://pbs.twimg.com/profile_images/1346968771748114434/SuJXG2gN_normal.jpg","Tampa, FL","2012-09-30T01:22:48.000Z",TRUE,FALSE,"https://t.co/8jklgDElo5","All Things Considered host and sustainability reporter for @WUSF, @NPR for the Tampa Bay area. (she/her) Retweets are not endorsements.","JMMeszaros","Jessica Meszaros","1523438730370973697",5,0,3,0,0,1004,1411,2809,55,NA,"Toxic #redtide blooms are persisting off of #Florida's #GulfCoast along #Pasco, #Pinellas, #Manatee, #Sarasota, #Charlotte and #Lee counties. Although, they are no longer moving north and may be actually receding from the northwest. @wusf https://t.co/BRgGMEzPUB"
"44","RT @JMMeszaros: Toxic #redtide blooms are persisting off of #Florida's #GulfCoast along #Pasco, #Pinellas, #Manatee, #Sarasota, #Charlotte‚Ä¶","1423059256803303426","everyone",FALSE,"1423059256803303426","593138512",2021-08-04 23:12:20,"en",NA,"https://pbs.twimg.com/profile_images/1509945544646533120/qNUwn9IF_normal.jpg","Chapel Hill, NC","2012-05-28T22:52:50.000Z",TRUE,FALSE,NA,"Reporting in the morning @wunc. NC born and raised. Recovering Florida Man. Bylines: @npr @marketplace @hereandnow. He/him.","radiobkg","Bradley George",NA,5,0,0,0,0,2066,1476,25523,57,NA,"Toxic #redtide blooms are persisting off of #Florida's #GulfCoast along #Pasco, #Pinellas, #Manatee, #Sarasota, #Charlotte and #Lee counties. Although, they are no longer moving north and may be actually receding from the northwest. @wusf https://t.co/BRgGMEzPUB"
"45","RT @JMMeszaros: Toxic #redtide blooms are persisting off of #Florida's #GulfCoast along #Pasco, #Pinellas, #Manatee, #Sarasota, #Charlotte‚Ä¶","1423063642270965762","everyone",FALSE,"1423063642270965762","730963068",2021-08-04 23:29:46,"en",NA,"https://pbs.twimg.com/profile_images/1101507802181365765/dw5MfqNI_normal.jpg","Palm Harbor, FL","2012-08-01T16:09:25.000Z",TRUE,FALSE,NA,"Asst. News Director / Intern Coordinator, WUSF 89.7 FM.
Enjoys wine & a good IPA, good friends and great writing.","wusfschreiner","Mark Schreiner",NA,5,0,0,0,0,1558,2826,20295,57,NA,"Toxic #redtide blooms are persisting off of #Florida's #GulfCoast along #Pasco, #Pinellas, #Manatee, #Sarasota, #Charlotte and #Lee counties. Although, they are no longer moving north and may be actually receding from the northwest. @wusf https://t.co/BRgGMEzPUB"
"46","RT @JMMeszaros: Toxic #redtide blooms are persisting off of #Florida's #GulfCoast along #Pasco, #Pinellas, #Manatee, #Sarasota, #Charlotte‚Ä¶","1423080409768857604","everyone",FALSE,"1423080409768857604","981045752",2021-08-05 00:36:23,"en",NA,"https://pbs.twimg.com/profile_images/808689431448350721/T9t_vHr__normal.jpg","New York, USA","2012-11-30T19:09:50.000Z",FALSE,FALSE,NA,"Health reporter for WUSF Public Media, Tampa Bay‚Äôs NPR station. Still a New Yorker. Live for live music! She/her","Steph_Colombini","Stephanie Colombini",NA,5,0,0,0,0,669,806,4200,19,NA,"Toxic #redtide blooms are persisting off of #Florida's #GulfCoast along #Pasco, #Pinellas, #Manatee, #Sarasota, #Charlotte and #Lee counties. Although, they are no longer moving north and may be actually receding from the northwest. @wusf https://t.co/BRgGMEzPUB"
"47","RT @JMMeszaros: Toxic #redtide blooms are persisting off of #Florida's #GulfCoast along #Pasco, #Pinellas, #Manatee, #Sarasota, #Charlotte‚Ä¶","1423119086444232704","everyone",FALSE,"1423119086444232704","41655179",2021-08-05 03:10:05,"en",NA,"https://pbs.twimg.com/profile_images/1367237700210872320/MK6mAQnl_normal.jpg","Florida","2009-05-21T19:18:20.000Z",FALSE,FALSE,"https://t.co/rzZuCK2zRg","We seek to protect our outstanding animals and plants and the lands and waters they need to survive. We have raised and donated more than $60 million.","wildlife_fl","Fish & Wildlife FL",NA,5,0,0,0,0,6094,904,10268,140,NA,"Toxic #redtide blooms are persisting off of #Florida's #GulfCoast along #Pasco, #Pinellas, #Manatee, #Sarasota, #Charlotte and #Lee counties. Although, they are no longer moving north and may be actually receding from the northwest. @wusf https://t.co/BRgGMEzPUB"
"48","RT @JMMeszaros: Toxic #redtide blooms are persisting off of #Florida's #GulfCoast along #Pasco, #Pinellas, #Manatee, #Sarasota, #Charlotte‚Ä¶","1423513030504030209","everyone",FALSE,"1423513030504030209","1311107500096155651",2021-08-06 05:15:28,"en",NA,"https://pbs.twimg.com/profile_images/1514835550884179971/wRuszk2X_normal.jpg","Chillin out at the beach ","2020-09-30T00:56:59.000Z",FALSE,FALSE,NA,"Visualize , center & transform a pure energy flow , then set it free . Unfortunately there is really no good reason for anyone to follow me . üòé","GaryJoh35372924","Gary Johnson",NA,5,0,0,0,0,768,2212,66567,7,NA,"Toxic #redtide blooms are persisting off of #Florida's #GulfCoast along #Pasco, #Pinellas, #Manatee, #Sarasota, #Charlotte and #Lee counties. Although, they are no longer moving north and may be actually receding from the northwest. @wusf https://t.co/BRgGMEzPUB"
"49","RED TIDE UPDATE: Suspected red tide-related fish kills were reported in Charlotte, Hernando, Manatee, Pasco, Pinellas, and Sarasota Counties, and suspected #redtide-related respiratory irritation was reported in Charlotte, Manatee, Pinellas and Sarasota. . https   news wgcu org 2021 02 11 red tide report","1426283851890888706","everyone",FALSE,"1426283851890888706","73450877",2021-08-13 20:45:44,"en",NA,"https://pbs.twimg.com/profile_images/1191408483263926272/xIuIYXJy_normal.jpg","Fort Myers, Florida","2009-09-11T18:36:50.000Z",TRUE,FALSE,"https://t.co/uJhqoXch0A","Broadcasting Quality Television and Radio to Southwest Florida Southwest Florida‚Äôs @NPR station üì° 90.1 FM/91.7 FM Southwest Florida‚Äôs @PBS station üì∫ HDTV 30.1","wgcu","WGCU Public Media",NA,0,0,0,0,0,4046,742,33984,296,NA,"RED TIDE UPDATE: Suspected red tide-related fish kills were reported in Charlotte, Hernando, Manatee, Pasco, Pinellas, and Sarasota Counties, and suspected #redtide-related respiratory irritation was reported in Charlotte, Manatee, Pinellas and Sarasota. https://t.co/zmaI37rvWA"
"50","The red tide organism, Karenia brevis, was observed along Pasco, Pinellas, Manatee and Sarasota counties.
. https   www wtsp com article news red tide red tide remains present in the tampa bay area 67 d76ffdfc c2d2 4593 a9e4 211be6d1bbc6","1428106427487465481","everyone",FALSE,"1428106427487465481","16743886",2021-08-18 21:27:59,"en",NA,"https://pbs.twimg.com/profile_images/1257694617690046467/ISKyPJi0_normal.jpg","Tampa, Florida","2008-10-14T19:14:27.000Z",TRUE,FALSE,"https://t.co/rHVdIDVNLL","10 Tampa Bay (CBS, TEGNA) covers news in Tampa, St. Petersburg, Clearwater & Sarasota.  News tips? üì± 727-577-1010, üìß desk@wtsp.com or reply using @10TampaBay","10TampaBay","10 Tampa Bay",NA,0,2,3,0,0,180079,11957,313782,1716,NA,"The red tide organism, Karenia brevis, was observed along Pasco, Pinellas, Manatee and Sarasota counties.
https://t.co/Xx9vdvfX2y"
"51","@10TampaBay damn Fred didn‚Äôt get close enough to clear it out either?","1428113279482834954","everyone",FALSE,"1428106427487465481","482387182",2021-08-18 21:55:13,"en","16743886","https://pbs.twimg.com/profile_images/1570931844698308608/VvIDbA92_normal.jpg","Sunshine State üåä‚õ±‚òÄÔ∏è","2012-02-03T21:10:26.000Z",FALSE,FALSE,NA,"‚öæÔ∏è‚òÄÔ∏èüèù | #RepBX | #REDSKINS #HTTR #HTTC Go Hogs üêΩ #RIPST21 | #GoHeels üêè #GDTBATH | üá∫üá∏üáªüáÆ #T1D üíâ","gibs626","ùöêùöíùöãùöúùüºùü∏ùüº","1187561849891545088",0,0,0,0,0,1797,2747,104288,18,NA,NA
"52",".@MyFWC  reports a ""patchy bloom"" of #redtide in Hernando, Pasco, Pinellas, Hillsborough, as well as in Sarasota and Manatee counties. 2/ #swfl 
. https   news wgcu org 2021 02 11 red tide report","1428345356987682821","everyone",FALSE,"1428345355402235908","73450877",2021-08-19 13:17:25,"en","73450877","https://pbs.twimg.com/profile_images/1191408483263926272/xIuIYXJy_normal.jpg","Fort Myers, Florida","2009-09-11T18:36:50.000Z",TRUE,FALSE,"https://t.co/uJhqoXch0A","Broadcasting Quality Television and Radio to Southwest Florida Southwest Florida‚Äôs @NPR station üì° 90.1 FM/91.7 FM Southwest Florida‚Äôs @PBS station üì∫ HDTV 30.1","wgcu","WGCU Public Media",NA,1,0,0,0,0,4046,742,33984,296,NA,".@MyFWC  reports a ""patchy bloom"" of #redtide in Hernando, Pasco, Pinellas, Hillsborough, as well as in Sarasota and Manatee counties. 2/ #swfl 
https://t.co/zmaI37rvWA"
"53","RT @wgcu: .@MyFWC  reports a ""patchy bloom"" of #redtide in Hernando, Pasco, Pinellas, Hillsborough, as well as in Sarasota and Manatee coun‚Ä¶","1428345792595693572","everyone",FALSE,"1428345792595693572","1135305925596725248",2021-08-19 13:19:08,"en",NA,"https://pbs.twimg.com/profile_images/1578060297801277441/SKcmDONb_normal.jpg","Bay Minette, AL","2019-06-02T22:03:20.000Z",FALSE,FALSE,NA,"I provide reliable weather information.","BrandonPowe2","Brandon Powe",NA,1,0,0,0,0,902,5004,271838,1,NA,".@MyFWC  reports a ""patchy bloom"" of #redtide in Hernando, Pasco, Pinellas, Hillsborough, as well as in Sarasota and Manatee counties. 2/ #swfl 
https://t.co/zmaI37rvWA"
"54","A weekly report from @MyFWC showed high concentrations of #redtide offshore in Pasco County and along the coast of Madeira Beach in Pinellas and near several beaches in Sarasota, including Venice Beach and Manasota Beach.
. https   wusfnews wusf usf edu environment 2021 08 20 high concentrations of red tide lingering along some beaches in tampa bay area","1428822773120471042","everyone",FALSE,"1428822773120471042","17544442",2021-08-20 20:54:30,"en",NA,"https://pbs.twimg.com/profile_images/882569215559028736/RMkZ8wkh_normal.jpg","Tampa, FL","2008-11-21T20:07:08.000Z",TRUE,FALSE,"https://t.co/KBo4cZ3VYG","WUSF Public Media is the Tampa Bay area‚Äôs source for news, in-depth reporting, educational programming, arts, and the finest classical music.","wusf","WUSF",NA,0,0,0,0,0,14577,2303,37710,482,NA,"A weekly report from @MyFWC showed high concentrations of #redtide offshore in Pasco County and along the coast of Madeira Beach in Pinellas and near several beaches in Sarasota, including Venice Beach and Manasota Beach.
https://t.co/XouwMSFbAt"
"55","Florida Fish and Wildlife also reports a ""patchy bloom"" of #redtide in Hernando, Pasco, Pinellas, Hillsborough, as well as in Sarasota and Manatee counties. Increased fish kills suspected to be related to red tide were also reported.  #swfl . https   news wgcu org 2021 02 11 red tide report","1430626763680321541","everyone",FALSE,"1430624051785998338","73450877",2021-08-25 20:22:54,"en","73450877","https://pbs.twimg.com/profile_images/1191408483263926272/xIuIYXJy_normal.jpg","Fort Myers, Florida","2009-09-11T18:36:50.000Z",TRUE,FALSE,"https://t.co/uJhqoXch0A","Broadcasting Quality Television and Radio to Southwest Florida Southwest Florida‚Äôs @NPR station üì° 90.1 FM/91.7 FM Southwest Florida‚Äôs @PBS station üì∫ HDTV 30.1","wgcu","WGCU Public Media",NA,0,0,0,0,0,4046,742,33984,296,NA,"Florida Fish and Wildlife also reports a ""patchy bloom"" of #redtide in Hernando, Pasco, Pinellas, Hillsborough, as well as in Sarasota and Manatee counties. Increased fish kills suspected to be related to red tide were also reported.  #swfl https://t.co/zmaI37rvWA"
"56","How about #RedTide? 

From @MyFWC, blooms were found in 47 samples this past week: 

16 in + offshore of Pinellas
11 in Sarasota County
5 in + offshore of Pasco
5 in Manatee County
5 in + offshore Franklin County
2 offshore of Dixie
2 off Levy
1 in Charlotte

(none on east coast). ","1446577656473038848","everyone",FALSE,"1446577641935577088","1239172640",2021-10-08 20:46:04,"en","1239172640","https://pbs.twimg.com/profile_images/1565022647829893121/osNHuVp6_normal.jpg","St Petersburg, FL","2013-03-03T15:29:18.000Z",TRUE,FALSE,"https://t.co/XqBqJqqUrm","Environment reporter @TB_Times. Past: @tcpenvironmentüíß 2022 @MetcalfURI Fellow. @UFJSchool alum. Drone pilot. #ReadLocal","MaxChesnes","Max Chesnes","1575972822156836865",1,1,3,0,0,7684,2989,11365,125,NA,"How about #RedTide? 

From @MyFWC, blooms were found in 47 samples this past week: 

16 in + offshore of Pinellas
11 in Sarasota County
5 in + offshore of Pasco
5 in Manatee County
5 in + offshore Franklin County
2 offshore of Dixie
2 off Levy
1 in Charlotte

(none on east coast)"
"57","RT @MaxChesnes: How about #RedTide? 

From @MyFWC, blooms were found in 47 samples this past week: 

16 in + offshore of Pinellas
11 in Sar‚Ä¶","1446581596874752005","everyone",FALSE,"1446581596874752005","41655179",2021-10-08 21:01:43,"en",NA,"https://pbs.twimg.com/profile_images/1367237700210872320/MK6mAQnl_normal.jpg","Florida","2009-05-21T19:18:20.000Z",FALSE,FALSE,"https://t.co/rzZuCK2zRg","We seek to protect our outstanding animals and plants and the lands and waters they need to survive. We have raised and donated more than $60 million.","wildlife_fl","Fish & Wildlife FL",NA,1,0,0,0,0,6094,904,10268,140,NA,"How about #RedTide? 

From @MyFWC, blooms were found in 47 samples this past week: 

16 in + offshore of Pinellas
11 in Sarasota County
5 in + offshore of Pasco
5 in Manatee County
5 in + offshore Franklin County
2 offshore of Dixie
2 off Levy
1 in Charlotte

(none on east coast)"
