"","text","lang","possibly_sensitive","id","created_at.x","conversation_id","author_id","reply_settings","in_reply_to_user_id","location","created_at.y","username","name","profile_image_url","protected","verified","description","pinned_tweet_id","public_metrics.x_retweet_count","public_metrics.x_reply_count","public_metrics.x_like_count","public_metrics.x_quote_count","public_metrics.x_impression_count","geo_place_id","public_metrics.y_followers_count","public_metrics.y_following_count","public_metrics.y_tweet_count","public_metrics.y_listed_count","url","text_with_display_links"
"1","@AnthonyClose @TB_Times Surely there was county coverage of the Mar 14 reclaimed leak that sent 30,000g into the intercoastal? Or on Feb 23 when 20,000g of raw sewage was released into Belleair Creek? Or the Feb 9 wastewater release into Gulf? Or the raw sewage into a Largo storm drain on Feb 11? No?. ","en",FALSE,"1002572481440419841",2018-06-01 15:28:01,"1002386850978451462","241599125","everyone","39611390","St. Petersburg, FL","2011-01-22T17:24:52.000Z","KevCKing","Kevin King","https://pbs.twimg.com/profile_images/1621296607600807936/8IImTgfC_normal.jpg",FALSE,FALSE,"Livin' in the Sunshine â˜€ï¸ Dad to CaseyğŸ§’ğŸ½ Survived 20 yrs. in politics & government ğŸ›ï¸ Now in development ğŸ—ï¸",NA,0,1,1,0,0,NA,748,603,7469,23,"https://t.co/yDsPEuZLzu","@AnthonyClose @TB_Times Surely there was county coverage of the Mar 14 reclaimed leak that sent 30,000g into the intercoastal? Or on Feb 23 when 20,000g of raw sewage was released into Belleair Creek? Or the Feb 9 wastewater release into Gulf? Or the raw sewage into a Largo storm drain on Feb 11? No?"
"2","Love Pinellas County but the water there is not safe to swim in they dump loads of sewage in the Bay and ocean and complain when Red Tide comes around... ","en",FALSE,"1027327543400120320",2018-08-08 22:55:47,"1027327543400120320","283777341","everyone",NA,"Florida/Levy County Florida","2011-04-18T00:52:15.000Z","Stormboat","Daniel Pollard","https://pbs.twimg.com/profile_images/1597750975053406209/jTFLP5B-_normal.jpg",FALSE,FALSE,"Storm chaser/Sun chaser","1233860928753557504",0,0,0,0,0,NA,381,646,12869,11,NA,"Love Pinellas County but the water there is not safe to swim in they dump loads of sewage in the Bay and ocean and complain when Red Tide comes around.."
"3","Fish kills suggest red tide resurgence at some Pinellas Co. beaches  people have to stop with all the massive amounts of lawn care products before this is going to stop south tampa is a major problem plus st pete sewer spills. https   www fox13news com news local news fish kills suggest red tide resurgence at some pinellas co beaches","en",FALSE,"1050547789288091648",2018-10-12 00:44:45,"1050547789288091648","953645424598044672","everyone",NA,"Plant City, FL","2018-01-17T15:09:21.000Z","Rmullins8","Rmullins","https://pbs.twimg.com/profile_images/1391112220495552513/4-IqLzaF_normal.jpg",FALSE,FALSE,"hired turning wrenches",NA,0,0,0,0,0,NA,59,56,6065,1,NA,"Fish kills suggest red tide resurgence at some Pinellas Co. beaches https://t.co/GjK0DApp4h people have to stop with all the massive amounts of lawn care products before this is going to stop south tampa is a major problem plus st pete sewer spills"
"4","@WaterWarriorOne Pinellas county confirms itâ€™s red tide in Boca Ciega Bay. They say they have had no reports of sewage spills. . https   twitter com NicoleSGrigg status 1059867554515206144","en",FALSE,"1060229868783308800",2018-11-07 17:57:53,"1060229868783308800","17068891","everyone","2836941396","Phoenix, AZ","2008-10-30T16:49:12.000Z","NicoleSGrigg","Nicole Grigg","https://pbs.twimg.com/profile_images/1499812621926629376/iMGug7d-_normal.jpg",FALSE,TRUE,"Emmy award ğŸ† winning reporter for @abc15 ğŸ“º AZ native ğŸŒµMama x ğŸ§’ğŸ½ğŸ§’ğŸ½ğŸ‘§ğŸ½ ASU Cronkite grad â˜€ï¸ ğŸ‘¿ Previous stations ğŸ¤ MT:OH:FL:AZ","1415781161469579268",0,0,0,1,0,NA,15958,2394,24287,265,NA,"@WaterWarriorOne Pinellas county confirms itâ€™s red tide in Boca Ciega Bay. They say they have had no reports of sewage spills. https://t.co/hyMVOUHzL5"
"5","In the past three years, more than 1 billion gallons (3.8 billion liters) of #wastewater has been dumped in the Tampa - St Pete - Clearwater area, and much of it made it into Tampa Bay  #tampa #stpete #clearwater #sewage. https   wusfnews wusf usf edu environment 2018 12 25 report 3 florida cities responsible for wastewater spills","en",FALSE,"1099821394425270272",2019-02-25 00:00:28,"1099821394425270272","1088196428961406976","everyone",NA,NA,"2019-01-23T22:07:01.000Z","awsproject","American Water Security Project","https://pbs.twimg.com/profile_images/1088562451866501120/isA81Jbq_normal.jpg",FALSE,FALSE,"Promoting the need for #sewage and #wastewater #infrastructure upgrades and repairs, #ethical treatment of wastewater, and protection of our nation's waters",NA,1,0,2,0,0,NA,92,95,1368,1,"https://t.co/AR8sz1dyFZ","In the past three years, more than 1 billion gallons (3.8 billion liters) of #wastewater has been dumped in the Tampa - St Pete - Clearwater area, and much of it made it into Tampa Bay https://t.co/DkEkBwTDuR #tampa #stpete #clearwater #sewage"
"6","RT @awsproject: In the past three years, more than 1 billion gallons (3.8 billion liters) of #wastewater has been dumped in the Tampa - Stâ€¦","en",FALSE,"1099835071115288576",2019-02-25 00:54:49,"1099835071115288576","121962605","everyone",NA,"St. Petersburg, Florida","2010-03-11T04:43:24.000Z","BrandonShuler","Texan for the Resistance","https://pbs.twimg.com/profile_images/1279257856450211840/qdYT02PU_normal.jpg",FALSE,FALSE,"Single father of 3: Human #resister #impeachtrump #republicanforbiden (Tomorrow there will be more of us) #publiclands and #oceans advocate",NA,1,0,0,0,0,NA,662,783,10047,21,NA,"In the past three years, more than 1 billion gallons (3.8 billion liters) of #wastewater has been dumped in the Tampa - St Pete - Clearwater area, and much of it made it into Tampa Bay https://t.co/DkEkBwTDuR #tampa #stpete #clearwater #sewage"
"7","Residents are invited to hear Pinellas County's action plan to prevent wastewater treatment facilities from overflowing into waterways. . https   patch com florida pinellasbeaches could 2019 hurricane season dump more sewage tampa bay","en",FALSE,"1131286067968139264",2019-05-22 19:49:51,"1131286067968139264","163514851","everyone",NA,"Pinellas Park, FL","2010-07-06T16:24:18.000Z","PinellasPatch","Pinellas Patch","https://pbs.twimg.com/profile_images/974301343379742720/SdlNZLWh_normal.jpg",FALSE,FALSE,"Local news, alerts, events and more. We're your source for all things Pinellas.",NA,0,0,0,0,0,NA,370,71,10664,22,"https://t.co/MFlN6JYAKa","Residents are invited to hear Pinellas County's action plan to prevent wastewater treatment facilities from overflowing into waterways. https://t.co/F24e7LxR4t"
"8","According to public records pulled from the Florida Department of Environmental Protection, four Tampa Bay counties â€“ including Hillsborough, Pinellas, Pasco (the worst offender in 2019) &amp; Manatee â€“ have dumped an estimated 389,000 gallons of sewage,. ","en",FALSE,"1161001417546579968",2019-08-12 19:48:02,"1161001416003117056","1339550646","everyone","1339550646","Florida, USA","2013-04-09T16:05:04.000Z","lenwhitefl","Len White","https://pbs.twimg.com/profile_images/1401206949912449026/T0t9tRaX_normal.jpg",FALSE,FALSE,"Independent voter seeking truth from objective credible journalists. Against those threatening democracy & advocating minority rule in this country.",NA,0,1,0,0,0,NA,55,64,18620,2,NA,"According to public records pulled from the Florida Department of Environmental Protection, four Tampa Bay counties â€“ including Hillsborough, Pinellas, Pasco (the worst offender in 2019) &amp; Manatee â€“ have dumped an estimated 389,000 gallons of sewage,"
"9","I had to sit down to read the entire article. OMG.
According to public records pulled from the Florida Department of Environmental Protection, four Tampa Bay counties â€“ including Hillsborough, Pinellas, Pasco &amp; Manatee â€“ have dumped an estimated 389,000 gallons of sewage, . https   twitter com ClwtrBkAtty status 1161947429597523968","en",FALSE,"1161960425224884224",2019-08-15 11:18:48,"1161960425224884224","947904812393418752","everyone",NA,"Ile-de-France, France","2018-01-01T18:58:13.000Z","MsResJudicata","Stare Decisis","https://pbs.twimg.com/profile_images/1553696399925051392/XgZBxhrE_normal.jpg",FALSE,FALSE,"Que sÃ§ay-je? I hold it to be an inalienable right of anybody to go to hell in his own way. Family Office/Lawyer/Harry's Caregiver/ LEGAL TRENDS 3 yrs@CBS.",NA,0,3,2,0,0,NA,5163,2008,132211,70,NA,"I had to sit down to read the entire article. OMG.
According to public records pulled from the Florida Department of Environmental Protection, four Tampa Bay counties â€“ including Hillsborough, Pinellas, Pasco &amp; Manatee â€“ have dumped an estimated 389,000 gallons of sewage, https://t.co/xwp4BI4ghn"
"10","of which 215,000 gallons were cleaned up, and 174,000 gallons were simply absorbed by the local environment.

For some perspective, last year these same four counties spilled a total of 59,560 gallons of sewage, and 39,596 gallons of that was lost.","en",FALSE,"1161960427686957057",2019-08-15 11:18:48,"1161960425224884224","947904812393418752","everyone","947904812393418752","Ile-de-France, France","2018-01-01T18:58:13.000Z","MsResJudicata","Stare Decisis","https://pbs.twimg.com/profile_images/1553696399925051392/XgZBxhrE_normal.jpg",FALSE,FALSE,"Que sÃ§ay-je? I hold it to be an inalienable right of anybody to go to hell in his own way. Family Office/Lawyer/Harry's Caregiver/ LEGAL TRENDS 3 yrs@CBS.",NA,0,1,1,0,0,NA,5163,2008,132215,70,NA,NA
"11","also only show reported ""sewage"" spills to the FDEP, and not things like spilled wastewater, which is also very common and also very bad (ask St. Pete).","en",FALSE,"1161960431205986305",2019-08-15 11:18:49,"1161960425224884224","947904812393418752","everyone","947904812393418752","Ile-de-France, France","2018-01-01T18:58:13.000Z","MsResJudicata","Stare Decisis","https://pbs.twimg.com/profile_images/1553696399925051392/XgZBxhrE_normal.jpg",FALSE,FALSE,"Que sÃ§ay-je? I hold it to be an inalienable right of anybody to go to hell in his own way. Family Office/Lawyer/Harry's Caregiver/ LEGAL TRENDS 3 yrs@CBS.",NA,0,0,0,0,0,NA,5163,2008,132215,70,NA,NA
"12","These numbers come from a variety of sewage spills, which can occur in a number of ways â€“  like malfunctioning lift stations, obstructed pipes, or aging infrastructure. Itâ€™s also important to note that these figures represent both public and private facilities, and","en",FALSE,"1161960429448568834",2019-08-15 11:18:49,"1161960425224884224","947904812393418752","everyone","947904812393418752","Ile-de-France, France","2018-01-01T18:58:13.000Z","MsResJudicata","Stare Decisis","https://pbs.twimg.com/profile_images/1553696399925051392/XgZBxhrE_normal.jpg",FALSE,FALSE,"Que sÃ§ay-je? I hold it to be an inalienable right of anybody to go to hell in his own way. Family Office/Lawyer/Harry's Caregiver/ LEGAL TRENDS 3 yrs@CBS.",NA,0,1,1,0,0,NA,5163,2008,132215,70,NA,NA
"13","@MsResJudicata That's alot of ğŸ’©. Somebody is gonna be in deep ğŸ’© for that, when the SHTF.","en",FALSE,"1161974222756831232",2019-08-15 12:13:37,"1161960425224884224","112026753","everyone","947904812393418752",NA,"2010-02-07T01:00:25.000Z","Winging_Pom","Tango Oscar","https://pbs.twimg.com/profile_images/889463561763799040/wFmuTzcY_normal.jpg",FALSE,FALSE,"Don't you wish crisps/chips and sponge cakes remain at 4p/ 6c ?Bankers are stealing our labour and shrinking our cakes and crisps. Merci, Gilet Jaune, woken up.",NA,0,0,0,0,0,NA,167,710,13462,0,NA,NA
"14","@MsResJudicata I remember snorkeling off of the coast of Sicily in the 80s &amp; almost running head on into a floating log. For me, the Med was never the same after that as I stopped swimming. At 400K gallons, itâ€™s only about 2,000 gallons a day which is a far less ominous number than â€œ400K.â€","en",FALSE,"1162013521292550144",2019-08-15 14:49:47,"1161960425224884224","278903218","everyone","947904812393418752","Amerika","2011-04-08T05:56:03.000Z","ImbecileNation","Imbecile Nation","https://pbs.twimg.com/profile_images/1308257970/Imbecile_Nation_normal.jpg",FALSE,FALSE,"I'm just sick of it all.  Please do not laugh.","1324180408041381890",0,0,1,0,0,NA,976,4870,16526,7,"http://t.co/bJBnklJqZ2",NA
"15","Thank goodness, yâ€™all. Our water crisis is over. Well done St. Pete. This is a major victory. I was worried some time and legislation would be put into the sewage dumping into the bay, but this, this is much better. . https   www fox13news com news pinellas county bans horseback riding near skyway bridge","en",FALSE,"1187102051542716416",2019-10-23 20:22:39,"1187102051542716416","10892982","everyone",NA,"Winter Haven, FL","2007-12-06T03:41:35.000Z","travisthompson","travisthompson","https://pbs.twimg.com/profile_images/747764734527676416/KMcOcuUb_normal.jpg",FALSE,FALSE,"Conservationist. Floridian. Dad. Husband.  RT doesnâ€™t equal endorsement.",NA,0,3,4,0,0,NA,5957,2199,5224,31,"https://t.co/HbW8SKTjB3","Thank goodness, yâ€™all. Our water crisis is over. Well done St. Pete. This is a major victory. I was worried some time and legislation would be put into the sewage dumping into the bay, but this, this is much better. https://t.co/gx6E0dA1PX"
"16","@travisthompson Actually the bigger problem at that location is the wave runners and jet skis.  Clean that mess up as well and get that fishery back to where it once was.","en",FALSE,"1187102713705881600",2019-10-23 20:25:16,"1187102051542716416","17356466","everyone","10892982",NA,"2008-11-13T03:49:48.000Z","cferrera","Chris","https://pbs.twimg.com/profile_images/950192464446541824/wbsGKdwq_normal.jpg",FALSE,FALSE,"Sports Partisan | Political Moderate | USF '97 | TB Bucs â€¢ USF Bulls â€¢ TB Rays â€¢ TB Lightning | History Enthusiast",NA,0,0,1,0,0,NA,450,860,32524,24,NA,NA
"17","@travisthompson I am sensing sarcasm here :)","en",FALSE,"1187107789518311429",2019-10-23 20:45:27,"1187102051542716416","297525009","everyone","10892982",NA,"2011-05-12T17:12:42.000Z","pkp911","Pete Prior","https://pbs.twimg.com/profile_images/378800000420317534/67f3a0636c55c566a6ae6a833ee57540_normal.jpeg",FALSE,FALSE,"",NA,0,0,1,0,0,NA,110,102,679,3,"http://t.co/WmkEcFaqdl",NA
"18","@travisthompson Ridiculous.","fr",FALSE,"1187129007982153728",2019-10-23 22:09:45,"1187102051542716416","909302815","everyone","10892982","Florida, USA","2012-10-28T01:45:08.000Z","BMYunk","Brad Yunkari","https://pbs.twimg.com/profile_images/1221973122276040705/9ZcqpFwG_normal.jpg",FALSE,FALSE,"",NA,0,0,1,0,0,NA,20,249,339,0,NA,NA
"19","@realDonaldTrump Fake News ....

@GovRonDeSantis Is Not Doing Good Work When Beaches In Clearwater Florida Are Open Because @Scientology Owns And Controls Clearwater ....

What About The Raw Sewage Being Scooped Out Of The River In Fort Lauderdale ?

Want More ?. ","en",FALSE,"1239910526089658369",2020-03-17 13:44:40,"1239907845719691265","23205264","everyone","25073877","Mountain View, CA","2009-03-07T16:06:12.000Z","BustedCherries","ğŸ’Busted CherriesğŸ’","https://pbs.twimg.com/profile_images/547402295978098690/SabSP2RS_normal.jpeg",FALSE,FALSE,"All About .... #TheU #FinsUp #BBN #LakeShow #Dodgers #Hunting #Fishing #Cryptocurrency #Marijuana #Cannabis #Indica #Sativa #CBD #Florida ğŸ’#CherriesStickyğŸ’","1086352201319178240",0,1,0,0,0,"4ec01c9dbc693497",725,5001,21611,19,"https://t.co/Tmnipe9w2e","@realDonaldTrump Fake News ....

@GovRonDeSantis Is Not Doing Good Work When Beaches In Clearwater Florida Are Open Because @Scientology Owns And Controls Clearwater ....

What About The Raw Sewage Being Scooped Out Of The River In Fort Lauderdale ?

Want More ?"
"20","Born and raised in Pinellas County, I can think of a lot of better ways $92M could've been spent. Improve schools and teachers salaries, Gulfport dumping raw sewage in to the bay or maybe toward a new stadium, just a few off the top of my head. . https   twitter com TB_Times status 1280467261476700161","en",FALSE,"1280544819287334915",2020-07-07 16:50:50,"1280544819287334915","144659696","everyone",NA,NA,"2010-05-16T23:52:26.000Z","ChrisFischer07","àº³","https://pbs.twimg.com/profile_images/931415426617266177/kFSB5cei_normal.jpg",FALSE,TRUE,"",NA,2,1,3,0,0,NA,3335,4097,32750,109,NA,"Born and raised in Pinellas County, I can think of a lot of better ways $92M could've been spent. Improve schools and teachers salaries, Gulfport dumping raw sewage in to the bay or maybe toward a new stadium, just a few off the top of my head. https://t.co/8MciTs4vEq"
"21","RT @ChrisFischer07: Born and raised in Pinellas County, I can think of a lot of better ways $92M could've been spent. Improve schools and tâ€¦","en",FALSE,"1280545800913854464",2020-07-07 16:54:44,"1280545800913854464","382751530","everyone",NA,"Tampa, FL","2011-09-30T16:31:24.000Z","ryantpa813","Ryan","https://pbs.twimg.com/profile_images/1272529411687026688/m4a2H5-w_normal.jpg",FALSE,FALSE,"Eight One Three Sports
Bolts, Bucs, Rays, Sooners, Bulls, Magic Tampa, FL ğŸ“",NA,2,0,0,0,0,NA,298,1926,12156,3,"https://t.co/o9GcetyAhV","Born and raised in Pinellas County, I can think of a lot of better ways $92M could've been spent. Improve schools and teachers salaries, Gulfport dumping raw sewage in to the bay or maybe toward a new stadium, just a few off the top of my head. https://t.co/8MciTs4vEq"
"22","RT @ChrisFischer07: Born and raised in Pinellas County, I can think of a lot of better ways $92M could've been spent. Improve schools and tâ€¦","en",FALSE,"1280550306682736640",2020-07-07 17:12:39,"1280550306682736640","75339454","everyone",NA,"Boca Raton ","2009-09-18T17:44:55.000Z","TueNiteRockStar","DickWarlock","https://pbs.twimg.com/profile_images/430062717/4464_109745722672_580617672_2656355_1453694_n_normal.jpg",FALSE,FALSE,"",NA,2,0,0,0,0,NA,49,355,1844,0,NA,"Born and raised in Pinellas County, I can think of a lot of better ways $92M could've been spent. Improve schools and teachers salaries, Gulfport dumping raw sewage in to the bay or maybe toward a new stadium, just a few off the top of my head. https://t.co/8MciTs4vEq"
"23","@ChrisFischer07 and its ugly. i was born and raised in pinellas also","en",FALSE,"1281065646818762752",2020-07-09 03:20:25,"1280544819287334915","955614284750446593","everyone","144659696","mars","2018-01-23T01:32:54.000Z","purpletang99","dbg","https://pbs.twimg.com/profile_images/1022532622440955909/rWh26jrz_normal.jpg",FALSE,FALSE,"i tweet my opinions only. yes there are exceptions to every tweet.","1112901434096455681",0,0,0,0,0,NA,23,99,3872,0,NA,NA
"24","The latest on sewage spills in Pinellas County: a lawsuit filed by environmental advocates against the city of Largo. They are particularly concerned with pollutants getting into Old Tampa Bay. . https   www tampabay com news environment 2020 08 19 water advocates file sewage spill lawsuit against city of largo","en",FALSE,"1296185347555164165",2020-08-19 20:40:43,"1296185347555164165","213164823","everyone",NA,"St. Petersburg, Fla.","2010-11-08T04:18:07.000Z","ZackSampson","Zack Sampson","https://pbs.twimg.com/profile_images/560772860545757185/UJ0f-WFA_normal.jpeg",FALSE,TRUE,"Investigative reporter @TB_Times. zsampson@tampabay.com. On Signal: 813-534-0157. he/him.",NA,0,0,1,0,0,NA,3328,869,14757,153,"https://t.co/YleaqdcAN8","The latest on sewage spills in Pinellas County: a lawsuit filed by environmental advocates against the city of Largo. They are particularly concerned with pollutants getting into Old Tampa Bay. https://t.co/jl2vIZJvC5"
"25","@AllenLEllison @firefly909 Stop the dumping of millons of gallons of raw sewage into our waterways. Hillsborough, Pasco &amp; Pinellas repeat offenders. Don't want to see anymore beaches closed due to ""too much human waste."". ","en",FALSE,"1350475182113239044",2021-01-16 16:09:08,"1350271169283432448","1299696411563511808","everyone","25919401","Florida Gulf Coast ","2020-08-29T13:12:38.000Z","BHardballer","Bobby Ray Hardballer","https://pbs.twimg.com/profile_images/1299698397985861636/G-u9LxlT_normal.jpg",FALSE,FALSE,"Retired FamLaw. cancer survivor. Home invasion survivor. 
USAF medic '69-72. 
Alumni ECU, FSU & STCLaw. 
Democrat BLUE across the board. 
Hates liars & thieves.","1339912474628415489",1,0,2,0,0,NA,1032,1779,4180,1,NA,"@AllenLEllison @firefly909 Stop the dumping of millons of gallons of raw sewage into our waterways. Hillsborough, Pasco &amp; Pinellas repeat offenders. Don't want to see anymore beaches closed due to ""too much human waste."""
"26","RT @BHardballer: @AllenLEllison @firefly909 Stop the dumping of millons of gallons of raw sewage into our waterways. Hillsborough, Pasco &amp;â€¦","en",FALSE,"1350501951092363264",2021-01-16 17:55:30,"1350501951092363264","241563938","everyone",NA,"United States","2011-01-22T15:37:51.000Z","firefly909","ğŸ’›Kristi Kho","https://pbs.twimg.com/profile_images/1608539273757855746/ePdRVFAj_normal.jpg",FALSE,FALSE,"Unapologetic bleeding heart liberal. Hate liars, bigots, and thieves. I will always resist! NO DMâ€™s ğŸš« #BLM #StopAsianHate @motherearth909 on Post",NA,1,0,0,0,0,NA,18134,19825,210343,15,NA,"@AllenLEllison @firefly909 Stop the dumping of millons of gallons of raw sewage into our waterways. Hillsborough, Pasco &amp; Pinellas repeat offenders. Don't want to see anymore beaches closed due to ""too much human waste."""
"27","@santiagomayer_ Um..yeah, didn't FL dump a bunch of sewage into the Gulf in like May? Big surprise eh?
. https   wusfnews wusf usf edu environment 2021 06 13 health alert issued in pinellas as red tide spreads north along coast","en",FALSE,"1411523582274924547",2021-07-04 03:13:41,"1411197882418536456","920112543078629376","everyone","4327127414",NA,"2017-10-17T02:21:39.000Z","KimSalsman","Kim Salsman","https://pbs.twimg.com/profile_images/1598461288849412096/jrbUPaHm_normal.jpg",FALSE,FALSE,"You can easily judge the character of a man by the way he treats those who can do nothing for him.",NA,0,0,0,0,0,NA,1150,1095,32281,1,NA,"@santiagomayer_ Um..yeah, didn't FL dump a bunch of sewage into the Gulf in like May? Big surprise eh?
https://t.co/UNwD0nRtSm"
"28","Tampa Bay Area spewed 
ğŸ˜£sewage 
ğŸ˜£wastewater
ğŸ˜£â€œIndustrial reuse waterâ€
 
Florida has an infrastructure crisis, #ClimateCrisis, and leadership problem. Welcome back from Texas Ron.

#BuildBackBetterFL 
give the GQP ""deregathons"" a pass.

#DemCastFL #ONEV1
 . https   www wfla com news pinellas county 13000 gallons of raw sewage discharged into smacks bayou in pinellas county. https   twitter com bruceritchie status 1417841385919680519","en",FALSE,"1417866029544390667",2021-07-21 15:16:18,"1417866029544390667","1161269334188183553","everyone",NA,"Key West, Florida","2019-08-13T13:32:39.000Z","DemsKeys","FloridaKeysDems DemCastFL Lead â˜®ï¸ OVFLğŸ’”","https://pbs.twimg.com/profile_images/1161271342190268417/CXDmrVyj_normal.png",FALSE,FALSE,"True Blue #OneV1 Z25 #DemCast #NDLB #FL26 blog@keysdems.com https://t.co/T98HbQK4Gdâ€¦ https://t.co/AroIFD6RqR
New! KeysDems@Masto.ai","1592263868281393152",25,6,23,2,0,NA,9908,9554,64541,47,"https://t.co/mdvUNArmgu","Tampa Bay Area spewed 
ğŸ˜£sewage 
ğŸ˜£wastewater
ğŸ˜£â€œIndustrial reuse waterâ€
 
Florida has an infrastructure crisis, #ClimateCrisis, and leadership problem. Welcome back from Texas Ron.

#BuildBackBetterFL 
give the GQP ""deregathons"" a pass.

#DemCastFL #ONEV1
https://t.co/idzykpgUXT https://t.co/7JPJvCkN0y"
"29","RT @DemsKeys: Tampa Bay Area spewed 
ğŸ˜£sewage 
ğŸ˜£wastewater
ğŸ˜£â€œIndustrial reuse waterâ€
 
Florida has an infrastructure crisis, #ClimateCrisis,â€¦","en",FALSE,"1417866487549857799",2021-07-21 15:18:07,"1417866487549857799","937146402291044352","everyone",NA,"Florida, USA","2017-12-03T02:28:08.000Z","cutrightest","cutrightest","https://pbs.twimg.com/profile_images/1562880090974916608/eF7veJLJ_normal.jpg",FALSE,FALSE,"design/make garments, copper things & live with 2 black cats- 1 insists on being called mr tibbs. we're curious, not always well behaved, +practice fierce love",NA,25,0,0,0,0,NA,253,414,17149,1,NA,"Tampa Bay Area spewed 
ğŸ˜£sewage 
ğŸ˜£wastewater
ğŸ˜£â€œIndustrial reuse waterâ€
 
Florida has an infrastructure crisis, #ClimateCrisis, and leadership problem. Welcome back from Texas Ron.

#BuildBackBetterFL 
give the GQP ""deregathons"" a pass.

#DemCastFL #ONEV1
https://t.co/idzykpgUXT https://t.co/7JPJvCkN0y"
"30","RT @DemsKeys: Tampa Bay Area spewed 
ğŸ˜£sewage 
ğŸ˜£wastewater
ğŸ˜£â€œIndustrial reuse waterâ€
 
Florida has an infrastructure crisis, #ClimateCrisis,â€¦","en",FALSE,"1417866536849641477",2021-07-21 15:18:19,"1417866536849641477","2460279166","everyone",NA,"somewhere in the woods","2014-04-04T16:08:52.000Z","tizzywoman","Justice Seeker ğŸ—½ â˜®ï¸ ~ Keep moving forward","https://pbs.twimg.com/profile_images/1614694603596218368/aboapvqS_normal.png",FALSE,FALSE,"Spreading light & truth. ğŸ’« #TheNationalInspirer #MorningVibe #DemCast #WomensRightsAreHumanRights ğŸ’™ Iâ€™m tizzywoman here, there, everywhere! ğŸ˜","1434999208428331013",25,0,0,0,0,NA,47336,28920,135443,28,NA,"Tampa Bay Area spewed 
ğŸ˜£sewage 
ğŸ˜£wastewater
ğŸ˜£â€œIndustrial reuse waterâ€
 
Florida has an infrastructure crisis, #ClimateCrisis, and leadership problem. Welcome back from Texas Ron.

#BuildBackBetterFL 
give the GQP ""deregathons"" a pass.

#DemCastFL #ONEV1
https://t.co/idzykpgUXT https://t.co/7JPJvCkN0y"
"31","@DemsKeys it amazes me how much of florida is on private septic system. no public sewer infrastructure. isnt this an environmental problem?","en",FALSE,"1417866807780823041",2021-07-21 15:19:24,"1417866029544390667","937146402291044352","everyone","1161269334188183553","Florida, USA","2017-12-03T02:28:08.000Z","cutrightest","cutrightest","https://pbs.twimg.com/profile_images/1562880090974916608/eF7veJLJ_normal.jpg",FALSE,FALSE,"design/make garments, copper things & live with 2 black cats- 1 insists on being called mr tibbs. we're curious, not always well behaved, +practice fierce love",NA,0,2,3,0,0,NA,253,414,17149,1,NA,NA
"32","RT @DemsKeys: Tampa Bay Area spewed 
ğŸ˜£sewage 
ğŸ˜£wastewater
ğŸ˜£â€œIndustrial reuse waterâ€
 
Florida has an infrastructure crisis, #ClimateCrisis,â€¦","en",FALSE,"1417867161641574411",2021-07-21 15:20:48,"1417867161641574411","33590010","everyone",NA,"Florida","2009-04-20T17:26:55.000Z","MarilouGeorge","FloridaDemâ˜®ï¸","https://pbs.twimg.com/profile_images/1522210792363503617/yXGP2fic_normal.jpg",FALSE,FALSE,"I am a Proud Biden Democrat! No DMs ğŸŒŠ ğŸ’” 
#DemVoice1",NA,25,0,0,0,0,NA,12184,11505,212733,256,NA,"Tampa Bay Area spewed 
ğŸ˜£sewage 
ğŸ˜£wastewater
ğŸ˜£â€œIndustrial reuse waterâ€
 
Florida has an infrastructure crisis, #ClimateCrisis, and leadership problem. Welcome back from Texas Ron.

#BuildBackBetterFL 
give the GQP ""deregathons"" a pass.

#DemCastFL #ONEV1
https://t.co/idzykpgUXT https://t.co/7JPJvCkN0y"
"33","@cutrightest Definitely; especially as there are no state inspections or laws to have them regularly pumped out.","en",FALSE,"1417867627066712065",2021-07-21 15:22:39,"1417866029544390667","1161269334188183553","everyone","937146402291044352","Key West, Florida","2019-08-13T13:32:39.000Z","DemsKeys","FloridaKeysDems DemCastFL Lead â˜®ï¸ OVFLğŸ’”","https://pbs.twimg.com/profile_images/1161271342190268417/CXDmrVyj_normal.png",FALSE,FALSE,"True Blue #OneV1 Z25 #DemCast #NDLB #FL26 blog@keysdems.com https://t.co/T98HbQK4Gdâ€¦ https://t.co/AroIFD6RqR
New! KeysDems@Masto.ai","1592263868281393152",0,1,1,0,0,NA,9908,9554,64541,47,"https://t.co/mdvUNArmgu",NA
"34","RT @DemsKeys: Tampa Bay Area spewed 
ğŸ˜£sewage 
ğŸ˜£wastewater
ğŸ˜£â€œIndustrial reuse waterâ€
 
Florida has an infrastructure crisis, #ClimateCrisis,â€¦","en",FALSE,"1417868140529258501",2021-07-21 15:24:42,"1417868140529258501","1122540879162617856","everyone",NA,"Florida, USA","2019-04-28T16:39:36.000Z","eileenvan55","@Eileenvan55 ğŸ’” Eileen to the left ğŸ˜·","https://pbs.twimg.com/profile_images/1575945408664174648/PlWcK-Ah_normal.jpg",FALSE,FALSE,"Liberal AF ğŸš«Citizens United, Iâ€™m Antifa Pro-choice #JusticeMatters Fighting disinformation, #RadicalRacistReich womenâ€™s liberties should not be in courts ğŸš«DMs","1371975661737418763",25,0,0,0,0,NA,14212,14167,124279,26,"https://t.co/x0DTbWYZ6q","Tampa Bay Area spewed 
ğŸ˜£sewage 
ğŸ˜£wastewater
ğŸ˜£â€œIndustrial reuse waterâ€
 
Florida has an infrastructure crisis, #ClimateCrisis, and leadership problem. Welcome back from Texas Ron.

#BuildBackBetterFL 
give the GQP ""deregathons"" a pass.

#DemCastFL #ONEV1
https://t.co/idzykpgUXT https://t.co/7JPJvCkN0y"
"35","RT @DemsKeys: Tampa Bay Area spewed 
ğŸ˜£sewage 
ğŸ˜£wastewater
ğŸ˜£â€œIndustrial reuse waterâ€
 
Florida has an infrastructure crisis, #ClimateCrisis,â€¦","en",FALSE,"1417868191762722817",2021-07-21 15:24:54,"1417868191762722817","1241823881050161152","everyone",NA,"Northern Minnesota","2020-03-22T20:28:06.000Z","1_OldGeezer1950","Dave Morningstar","https://pbs.twimg.com/profile_images/1250469594118139904/_3U7DE8g_normal.jpg",FALSE,FALSE,"Lifelong Registered Democrat, Truth seeker, Animal lover,  Musician, Political junkie. Love REAL Science, Electronics & Climate activist ...  Just an old Guy ;)","1305606285325488128",25,0,0,0,0,NA,5142,5307,133430,6,NA,"Tampa Bay Area spewed 
ğŸ˜£sewage 
ğŸ˜£wastewater
ğŸ˜£â€œIndustrial reuse waterâ€
 
Florida has an infrastructure crisis, #ClimateCrisis, and leadership problem. Welcome back from Texas Ron.

#BuildBackBetterFL 
give the GQP ""deregathons"" a pass.

#DemCastFL #ONEV1
https://t.co/idzykpgUXT https://t.co/7JPJvCkN0y"
"36","RT @DemsKeys: Tampa Bay Area spewed 
ğŸ˜£sewage 
ğŸ˜£wastewater
ğŸ˜£â€œIndustrial reuse waterâ€
 
Florida has an infrastructure crisis, #ClimateCrisis,â€¦","en",FALSE,"1417869511743705091",2021-07-21 15:30:08,"1417869511743705091","1348672208311345153","everyone",NA,NA,"2021-01-11T16:45:10.000Z","TampaWoman1965","Cristina ğŸ‡ºğŸ‡¸ğŸ‡¨ğŸ‡º","https://pbs.twimg.com/profile_images/1507340872433782793/jKmGdUs6_normal.jpg",FALSE,FALSE,"My mother's daughter","1406921543528202240",25,0,0,0,0,NA,1507,3378,183781,8,NA,"Tampa Bay Area spewed 
ğŸ˜£sewage 
ğŸ˜£wastewater
ğŸ˜£â€œIndustrial reuse waterâ€
 
Florida has an infrastructure crisis, #ClimateCrisis, and leadership problem. Welcome back from Texas Ron.

#BuildBackBetterFL 
give the GQP ""deregathons"" a pass.

#DemCastFL #ONEV1
https://t.co/idzykpgUXT https://t.co/7JPJvCkN0y"
"37","Coming soon! Learn what you can do to help. 
https://t.co/UP7vMp6OPr","en",FALSE,"1417871767301918720",2021-07-21 15:39:06,"1417866029544390667","1161269334188183553","everyone","1161269334188183553","Key West, Florida","2019-08-13T13:32:39.000Z","DemsKeys","FloridaKeysDems DemCastFL Lead â˜®ï¸ OVFLğŸ’”","https://pbs.twimg.com/profile_images/1161271342190268417/CXDmrVyj_normal.png",FALSE,FALSE,"True Blue #OneV1 Z25 #DemCast #NDLB #FL26 blog@keysdems.com https://t.co/T98HbQK4Gdâ€¦ https://t.co/AroIFD6RqR
New! KeysDems@Masto.ai","1592263868281393152",2,0,2,1,0,NA,9908,9554,64541,47,"https://t.co/mdvUNArmgu",NA
"38","@DemsKeys https://t.co/yfPbJOkQXk","qme",FALSE,"1417873542788624395",2021-07-21 15:46:10,"1417866029544390667","1122540879162617856","everyone","1161269334188183553","Florida, USA","2019-04-28T16:39:36.000Z","eileenvan55","@Eileenvan55 ğŸ’” Eileen to the left ğŸ˜·","https://pbs.twimg.com/profile_images/1575945408664174648/PlWcK-Ah_normal.jpg",FALSE,FALSE,"Liberal AF ğŸš«Citizens United, Iâ€™m Antifa Pro-choice #JusticeMatters Fighting disinformation, #RadicalRacistReich womenâ€™s liberties should not be in courts ğŸš«DMs","1371975661737418763",4,1,5,0,0,NA,14227,14171,124401,26,"https://t.co/x0DTbWYZ6q",NA
"39","RT @DemsKeys: Tampa Bay Area spewed 
ğŸ˜£sewage 
ğŸ˜£wastewater
ğŸ˜£â€œIndustrial reuse waterâ€
 
Florida has an infrastructure crisis, #ClimateCrisis,â€¦","en",FALSE,"1417873842882629638",2021-07-21 15:47:21,"1417873842882629638","1178751075479937024","everyone",NA,NA,"2019-09-30T19:19:07.000Z","AlcairoCrystal","Crystal Alcairo","https://abs.twimg.com/sticky/default_profile_images/default_profile_normal.png",FALSE,FALSE,"Mother of five, grandmother of three so far,  Army veteran wife of nearly 39 years of a retired Army veteran. Mother of two sailors, and proud liberal.",NA,25,0,0,0,0,NA,552,839,139096,0,NA,"Tampa Bay Area spewed 
ğŸ˜£sewage 
ğŸ˜£wastewater
ğŸ˜£â€œIndustrial reuse waterâ€
 
Florida has an infrastructure crisis, #ClimateCrisis, and leadership problem. Welcome back from Texas Ron.

#BuildBackBetterFL 
give the GQP ""deregathons"" a pass.

#DemCastFL #ONEV1
https://t.co/idzykpgUXT https://t.co/7JPJvCkN0y"
"40","@DemsKeys @tizzywoman DeSatan will bluster, bloviate, and ignore reporters questions he doesn't like, and in the end, nothing will be done.","en",FALSE,"1417874027285303299",2021-07-21 15:48:05,"1417866029544390667","1178751075479937024","everyone","1161269334188183553",NA,"2019-09-30T19:19:07.000Z","AlcairoCrystal","Crystal Alcairo","https://abs.twimg.com/sticky/default_profile_images/default_profile_normal.png",FALSE,FALSE,"Mother of five, grandmother of three so far,  Army veteran wife of nearly 39 years of a retired Army veteran. Mother of two sailors, and proud liberal.",NA,0,0,1,0,0,NA,552,839,139104,0,NA,NA
"41","RT @DemsKeys: Tampa Bay Area spewed 
ğŸ˜£sewage 
ğŸ˜£wastewater
ğŸ˜£â€œIndustrial reuse waterâ€
 
Florida has an infrastructure crisis, #ClimateCrisis,â€¦","en",FALSE,"1417874882084413443",2021-07-21 15:51:29,"1417874882084413443","2474734518","everyone",NA,"Volusia County, Florida","2014-05-03T00:59:03.000Z","NovoDems","Democratic Values In Action #DemCast","https://pbs.twimg.com/profile_images/1080626457578213376/CI1RH6Qj_normal.jpg",FALSE,FALSE,"Democratic Values In Action - North Volusia County, Florida - Daytona Beach - Ormond Beach area","1333115271708631046",25,0,0,0,0,NA,2450,2439,49780,34,NA,"Tampa Bay Area spewed 
ğŸ˜£sewage 
ğŸ˜£wastewater
ğŸ˜£â€œIndustrial reuse waterâ€
 
Florida has an infrastructure crisis, #ClimateCrisis, and leadership problem. Welcome back from Texas Ron.

#BuildBackBetterFL 
give the GQP ""deregathons"" a pass.

#DemCastFL #ONEV1
https://t.co/idzykpgUXT https://t.co/7JPJvCkN0y"
"42","@eileenvan55 https://t.co/EO4Sb8YZqC","qme",FALSE,"1417875073969659904",2021-07-21 15:52:15,"1417866029544390667","1161269334188183553","everyone","1122540879162617856","Key West, Florida","2019-08-13T13:32:39.000Z","DemsKeys","FloridaKeysDems DemCastFL Lead â˜®ï¸ OVFLğŸ’”","https://pbs.twimg.com/profile_images/1161271342190268417/CXDmrVyj_normal.png",FALSE,FALSE,"True Blue #OneV1 Z25 #DemCast #NDLB #FL26 blog@keysdems.com https://t.co/T98HbQK4Gdâ€¦ https://t.co/AroIFD6RqR
New! KeysDems@Masto.ai","1592263868281393152",2,0,2,0,0,NA,9908,9554,64541,47,"https://t.co/mdvUNArmgu",NA
"43","@cutrightest @DemsKeys Yes, and septic tanks are especially bad for the Florida peninsula, which has a rare geology that allows water to flow underground and spreads pollution far away from its septic source","en",FALSE,"1417875473275703297",2021-07-21 15:53:50,"1417866029544390667","2474734518","everyone","937146402291044352","Volusia County, Florida","2014-05-03T00:59:03.000Z","NovoDems","Democratic Values In Action #DemCast","https://pbs.twimg.com/profile_images/1080626457578213376/CI1RH6Qj_normal.jpg",FALSE,FALSE,"Democratic Values In Action - North Volusia County, Florida - Daytona Beach - Ormond Beach area","1333115271708631046",0,2,2,0,0,NA,2450,2439,49782,34,NA,NA
"44","RT @DemsKeys: Tampa Bay Area spewed 
ğŸ˜£sewage 
ğŸ˜£wastewater
ğŸ˜£â€œIndustrial reuse waterâ€
 
Florida has an infrastructure crisis, #ClimateCrisis,â€¦","en",FALSE,"1417875698966884355",2021-07-21 15:54:44,"1417875698966884355","1162779138740015104","everyone",NA,"Kevin McCarthy Sucks","2019-08-17T17:32:32.000Z","KeepItBlueDems","KeepItBlueDems","https://pbs.twimg.com/profile_images/1616199365806428160/M4PIr4mS_normal.jpg",FALSE,FALSE,"Proud Air Force Mom of Two, G-ma to 3 Boys","1567588252252778496",25,0,0,0,0,NA,6674,6779,417713,28,NA,"Tampa Bay Area spewed 
ğŸ˜£sewage 
ğŸ˜£wastewater
ğŸ˜£â€œIndustrial reuse waterâ€
 
Florida has an infrastructure crisis, #ClimateCrisis, and leadership problem. Welcome back from Texas Ron.

#BuildBackBetterFL 
give the GQP ""deregathons"" a pass.

#DemCastFL #ONEV1
https://t.co/idzykpgUXT https://t.co/7JPJvCkN0y"
"45","@NovoDems @cutrightest Porous rock and uninspected septic tanks are a recipe for disaster.","en",FALSE,"1417876509222658052",2021-07-21 15:57:57,"1417866029544390667","1161269334188183553","everyone","2474734518","Key West, Florida","2019-08-13T13:32:39.000Z","DemsKeys","FloridaKeysDems DemCastFL Lead â˜®ï¸ OVFLğŸ’”","https://pbs.twimg.com/profile_images/1161271342190268417/CXDmrVyj_normal.png",FALSE,FALSE,"True Blue #OneV1 Z25 #DemCast #NDLB #FL26 blog@keysdems.com https://t.co/T98HbQK4Gdâ€¦ https://t.co/AroIFD6RqR
New! KeysDems@Masto.ai","1592263868281393152",0,0,2,0,0,NA,9908,9554,64541,47,"https://t.co/mdvUNArmgu",NA
"46","@NovoDems @DemsKeys oh wow, sorry to bug you but is this geology due to the way florida joined this larger bit of land in the tetonic shifts?","en",FALSE,"1417876525429448705",2021-07-21 15:58:01,"1417866029544390667","937146402291044352","everyone","2474734518","Florida, USA","2017-12-03T02:28:08.000Z","cutrightest","cutrightest","https://pbs.twimg.com/profile_images/1562880090974916608/eF7veJLJ_normal.jpg",FALSE,FALSE,"design/make garments, copper things & live with 2 black cats- 1 insists on being called mr tibbs. we're curious, not always well behaved, +practice fierce love",NA,0,2,0,0,0,NA,253,414,17149,1,NA,NA
"47","@cutrightest @DemsKeys So, ask us about Democratic Values or volunteering or electing Democrats and we feel qualified to answer. For FL geology, peruse this article https://t.co/tIt5sGIG2J","en",FALSE,"1417877124157935626",2021-07-21 16:00:23,"1417866029544390667","2474734518","everyone","937146402291044352","Volusia County, Florida","2014-05-03T00:59:03.000Z","NovoDems","Democratic Values In Action #DemCast","https://pbs.twimg.com/profile_images/1080626457578213376/CI1RH6Qj_normal.jpg",FALSE,FALSE,"Democratic Values In Action - North Volusia County, Florida - Daytona Beach - Ormond Beach area","1333115271708631046",2,1,2,0,0,NA,2450,2439,49782,34,NA,NA
"48","@cutrightest @DemsKeys Short answer: apparently not related to tectonic movement.","en",FALSE,"1417877616112152577",2021-07-21 16:02:21,"1417866029544390667","2474734518","everyone","937146402291044352","Volusia County, Florida","2014-05-03T00:59:03.000Z","NovoDems","Democratic Values In Action #DemCast","https://pbs.twimg.com/profile_images/1080626457578213376/CI1RH6Qj_normal.jpg",FALSE,FALSE,"Democratic Values In Action - North Volusia County, Florida - Daytona Beach - Ormond Beach area","1333115271708631046",0,1,1,0,0,NA,2450,2439,49782,34,NA,NA
"49","@NovoDems @DemsKeys ty. in my simple mind i see the ocean just flowing under florida w the aquifers ha! idiot to the core","en",FALSE,"1417878000947826693",2021-07-21 16:03:52,"1417866029544390667","937146402291044352","everyone","2474734518","Florida, USA","2017-12-03T02:28:08.000Z","cutrightest","cutrightest","https://pbs.twimg.com/profile_images/1562880090974916608/eF7veJLJ_normal.jpg",FALSE,FALSE,"design/make garments, copper things & live with 2 black cats- 1 insists on being called mr tibbs. we're curious, not always well behaved, +practice fierce love",NA,0,1,0,0,0,NA,253,414,17149,1,NA,NA
"50","RT @DemsKeys: Tampa Bay Area spewed 
ğŸ˜£sewage 
ğŸ˜£wastewater
ğŸ˜£â€œIndustrial reuse waterâ€
 
Florida has an infrastructure crisis, #ClimateCrisis,â€¦","en",FALSE,"1417878339931578369",2021-07-21 16:05:13,"1417878339931578369","1047956117916200960","everyone",NA,"DeSantistan","2018-10-04T21:06:23.000Z","Mistyfied352","Misty","https://pbs.twimg.com/profile_images/1613181202705309702/vu_1GNwq_normal.jpg",FALSE,FALSE,"""If 99% of us (Dems) voted it wouldn't matter how much the 1% spends on our elections"" ~Barack Obama #VoteBlue","1392813969707094017",25,0,0,0,0,NA,3146,4605,36152,1,NA,"Tampa Bay Area spewed 
ğŸ˜£sewage 
ğŸ˜£wastewater
ğŸ˜£â€œIndustrial reuse waterâ€
 
Florida has an infrastructure crisis, #ClimateCrisis, and leadership problem. Welcome back from Texas Ron.

#BuildBackBetterFL 
give the GQP ""deregathons"" a pass.

#DemCastFL #ONEV1
https://t.co/idzykpgUXT https://t.co/7JPJvCkN0y"
"51","@cutrightest @DemsKeys Hey, no insulting Democrats in this space! We learned something today","en",FALSE,"1417881579423215618",2021-07-21 16:18:06,"1417866029544390667","2474734518","everyone","937146402291044352","Volusia County, Florida","2014-05-03T00:59:03.000Z","NovoDems","Democratic Values In Action #DemCast","https://pbs.twimg.com/profile_images/1080626457578213376/CI1RH6Qj_normal.jpg",FALSE,FALSE,"Democratic Values In Action - North Volusia County, Florida - Daytona Beach - Ormond Beach area","1333115271708631046",0,1,2,0,0,NA,2450,2439,49782,34,NA,NA
"52","@NovoDems @DemsKeys we have to be ignorant in order to learn! only know it alls cant learn anything. i like emphasizing my ignorance - it seems so many have a difficult time w the idea that learning implies ignorance. bit weird too","en",FALSE,"1417882592943251458",2021-07-21 16:22:07,"1417866029544390667","937146402291044352","everyone","2474734518","Florida, USA","2017-12-03T02:28:08.000Z","cutrightest","cutrightest","https://pbs.twimg.com/profile_images/1562880090974916608/eF7veJLJ_normal.jpg",FALSE,FALSE,"design/make garments, copper things & live with 2 black cats- 1 insists on being called mr tibbs. we're curious, not always well behaved, +practice fierce love",NA,0,1,1,0,0,NA,253,414,17149,1,NA,NA
"53","@cutrightest @DemsKeys Your question was a teacher","en",FALSE,"1417882765844963335",2021-07-21 16:22:49,"1417866029544390667","2474734518","everyone","937146402291044352","Volusia County, Florida","2014-05-03T00:59:03.000Z","NovoDems","Democratic Values In Action #DemCast","https://pbs.twimg.com/profile_images/1080626457578213376/CI1RH6Qj_normal.jpg",FALSE,FALSE,"Democratic Values In Action - North Volusia County, Florida - Daytona Beach - Ormond Beach area","1333115271708631046",0,1,0,0,0,NA,2450,2439,49782,34,NA,NA
"54","@NovoDems @DemsKeys ha funny that. ha. who knew. i thought you were the teacher. ha","en",FALSE,"1417882975572795405",2021-07-21 16:23:39,"1417866029544390667","937146402291044352","everyone","2474734518","Florida, USA","2017-12-03T02:28:08.000Z","cutrightest","cutrightest","https://pbs.twimg.com/profile_images/1562880090974916608/eF7veJLJ_normal.jpg",FALSE,FALSE,"design/make garments, copper things & live with 2 black cats- 1 insists on being called mr tibbs. we're curious, not always well behaved, +practice fierce love",NA,0,0,0,0,0,NA,253,414,17149,1,NA,NA
"55","@NovoDems @DemsKeys also funny: i learned more abt teutonic plates shifting than from geology class by gardening cycads. cycads moved around the planet with the shifts +thats how we got coontie. i tell ppl to garden: play in the dirt plus whole fields of study all nite long ... i'm curious nerd","en",FALSE,"1417884191124074500",2021-07-21 16:28:28,"1417866029544390667","937146402291044352","everyone","2474734518","Florida, USA","2017-12-03T02:28:08.000Z","cutrightest","cutrightest","https://pbs.twimg.com/profile_images/1562880090974916608/eF7veJLJ_normal.jpg",FALSE,FALSE,"design/make garments, copper things & live with 2 black cats- 1 insists on being called mr tibbs. we're curious, not always well behaved, +practice fierce love",NA,0,0,0,0,0,NA,253,414,17149,1,NA,NA
"56","RT @DemsKeys: Tampa Bay Area spewed 
ğŸ˜£sewage 
ğŸ˜£wastewater
ğŸ˜£â€œIndustrial reuse waterâ€
 
Florida has an infrastructure crisis, #ClimateCrisis,â€¦","en",FALSE,"1417885670002069506",2021-07-21 16:34:21,"1417885670002069506","254782044","everyone",NA,NA,"2011-02-20T00:36:34.000Z","Greedalitism365","greedalitism365","https://pbs.twimg.com/profile_images/3088675096/095d40ef42d30f988c612fead9c1c2a7_normal.jpeg",FALSE,FALSE,"Supposed to be Radio News Broadcaster. At the time was not interested. Many friends were very successful..A gifted voice to many.Road not taken.",NA,25,0,0,0,0,NA,3083,4865,327286,244,NA,"Tampa Bay Area spewed 
ğŸ˜£sewage 
ğŸ˜£wastewater
ğŸ˜£â€œIndustrial reuse waterâ€
 
Florida has an infrastructure crisis, #ClimateCrisis, and leadership problem. Welcome back from Texas Ron.

#BuildBackBetterFL 
give the GQP ""deregathons"" a pass.

#DemCastFL #ONEV1
https://t.co/idzykpgUXT https://t.co/7JPJvCkN0y"
"57","RT @DemsKeys: Tampa Bay Area spewed 
ğŸ˜£sewage 
ğŸ˜£wastewater
ğŸ˜£â€œIndustrial reuse waterâ€
 
Florida has an infrastructure crisis, #ClimateCrisis,â€¦","en",FALSE,"1417901570818289668",2021-07-21 17:37:32,"1417901570818289668","32399655","everyone",NA,"Lakeland, FL","2009-04-17T13:17:11.000Z","thewebbix","Wá´¶Eá´¼Bá´±B âœŒğŸ¼","https://pbs.twimg.com/profile_images/2599680382/093D5102-740F-4502-B0C9-2837819E1623_normal",FALSE,FALSE,"Beach/RV life â€¢ Hippie â€¢ Love People â€¢ Love Music â€¢ Every day I wake is a good day, no worry if I donâ€™t. â€¢ I LIVE BY: It is what it is. â€¢ View #NewDayNewChance","786636396811415552",25,0,0,0,0,NA,31911,31688,264279,121,"https://t.co/XiYh9XeOhR","Tampa Bay Area spewed 
ğŸ˜£sewage 
ğŸ˜£wastewater
ğŸ˜£â€œIndustrial reuse waterâ€
 
Florida has an infrastructure crisis, #ClimateCrisis, and leadership problem. Welcome back from Texas Ron.

#BuildBackBetterFL 
give the GQP ""deregathons"" a pass.

#DemCastFL #ONEV1
https://t.co/idzykpgUXT https://t.co/7JPJvCkN0y"
"58","RT @DemsKeys: Tampa Bay Area spewed 
ğŸ˜£sewage 
ğŸ˜£wastewater
ğŸ˜£â€œIndustrial reuse waterâ€
 
Florida has an infrastructure crisis, #ClimateCrisis,â€¦","en",FALSE,"1417923578981326848",2021-07-21 19:04:59,"1417923578981326848","973792490","everyone",NA,"Olympia, WA","2012-11-27T12:21:27.000Z","sayre_dorell","Dorell ğŸŒŠğŸŒŠğŸ‡ºğŸ‡¦ğŸŒ»ğŸğŸŒ¾ğŸŒ#DemCast","https://pbs.twimg.com/profile_images/1390001129933529088/XQ26I3bi_normal.jpg",FALSE,FALSE,"#DemocratsDeliver ğŸğŸŒ¾ğŸŒğŸ‡ºğŸ‡¦ğŸŒŠğŸŒŠ
#IStandWithUkraine ğŸ‡ºğŸ‡¦","1396110687932280836",25,0,0,0,0,NA,1681,3097,90377,3,"https://t.co/kN3bkIRS4S","Tampa Bay Area spewed 
ğŸ˜£sewage 
ğŸ˜£wastewater
ğŸ˜£â€œIndustrial reuse waterâ€
 
Florida has an infrastructure crisis, #ClimateCrisis, and leadership problem. Welcome back from Texas Ron.

#BuildBackBetterFL 
give the GQP ""deregathons"" a pass.

#DemCastFL #ONEV1
https://t.co/idzykpgUXT https://t.co/7JPJvCkN0y"
"59","RT @DemsKeys: Tampa Bay Area spewed 
ğŸ˜£sewage 
ğŸ˜£wastewater
ğŸ˜£â€œIndustrial reuse waterâ€
 
Florida has an infrastructure crisis, #ClimateCrisis,â€¦","en",FALSE,"1417930364270546950",2021-07-21 19:31:57,"1417930364270546950","414221776","everyone",NA,"Clearwater Fla Florida NY","2011-11-16T19:51:06.000Z","BudGothmog44","Bud","https://pbs.twimg.com/profile_images/1094697699650224128/41FZWRNc_normal.jpg",FALSE,FALSE,"78 mar LCSW 50 yrs in Recovery USAF Vet Atheist Dem fm NJ Ohio Mass Hawaii NY Fla #Resistance #BlueCrew #VoteBlue #ACLU #SPLC #BLM ğŸŒˆ#LGBTQ ğŸŒŠğŸŒŠğŸŒŠ","1229808332317351936",25,0,0,0,0,NA,78495,78158,560571,51,NA,"Tampa Bay Area spewed 
ğŸ˜£sewage 
ğŸ˜£wastewater
ğŸ˜£â€œIndustrial reuse waterâ€
 
Florida has an infrastructure crisis, #ClimateCrisis, and leadership problem. Welcome back from Texas Ron.

#BuildBackBetterFL 
give the GQP ""deregathons"" a pass.

#DemCastFL #ONEV1
https://t.co/idzykpgUXT https://t.co/7JPJvCkN0y"
"60","RT @DemsKeys: Tampa Bay Area spewed 
ğŸ˜£sewage 
ğŸ˜£wastewater
ğŸ˜£â€œIndustrial reuse waterâ€
 
Florida has an infrastructure crisis, #ClimateCrisis,â€¦","en",FALSE,"1417931362145763330",2021-07-21 19:35:55,"1417931362145763330","835290266814689280","everyone",NA," Des Moines, WA South Seattle","2017-02-25T00:48:13.000Z","KetCorrine","Corrine Anderson-Ket","https://pbs.twimg.com/profile_images/1591121612916797440/NDtRbSww_normal.jpg",FALSE,FALSE,"Political and news junkie, Retired School Social Worker, Proud Mother and Grandmother",NA,25,0,0,0,0,NA,2389,5007,252351,5,NA,"Tampa Bay Area spewed 
ğŸ˜£sewage 
ğŸ˜£wastewater
ğŸ˜£â€œIndustrial reuse waterâ€
 
Florida has an infrastructure crisis, #ClimateCrisis, and leadership problem. Welcome back from Texas Ron.

#BuildBackBetterFL 
give the GQP ""deregathons"" a pass.

#DemCastFL #ONEV1
https://t.co/idzykpgUXT https://t.co/7JPJvCkN0y"
"61","RT @DemsKeys: Tampa Bay Area spewed 
ğŸ˜£sewage 
ğŸ˜£wastewater
ğŸ˜£â€œIndustrial reuse waterâ€
 
Florida has an infrastructure crisis, #ClimateCrisis,â€¦","en",FALSE,"1417946048362913793",2021-07-21 20:34:16,"1417946048362913793","1203485067906932736","everyone",NA,"South Florida, USA *SOFLA","2019-12-08T01:23:12.000Z","oldsargepap","Old Sarge Pap â˜®ï¸ğŸ•Š","https://pbs.twimg.com/profile_images/1607113020639186946/sjIKMRiy_normal.jpg",FALSE,FALSE,"Proud American Democrat & Veteran, thankful for the efforts of many to restore our nation | TruBlue | DemVoice1 | Z24 | DEMCAST| ProudBlue |ğŸ’¥ğŸš«Lists/DMsğŸ’¥","1581342555878281217",25,0,0,0,0,NA,15230,16752,14492,21,NA,"Tampa Bay Area spewed 
ğŸ˜£sewage 
ğŸ˜£wastewater
ğŸ˜£â€œIndustrial reuse waterâ€
 
Florida has an infrastructure crisis, #ClimateCrisis, and leadership problem. Welcome back from Texas Ron.

#BuildBackBetterFL 
give the GQP ""deregathons"" a pass.

#DemCastFL #ONEV1
https://t.co/idzykpgUXT https://t.co/7JPJvCkN0y"
"62","RT @DemsKeys: Tampa Bay Area spewed 
ğŸ˜£sewage 
ğŸ˜£wastewater
ğŸ˜£â€œIndustrial reuse waterâ€
 
Florida has an infrastructure crisis, #ClimateCrisis,â€¦","en",FALSE,"1417972973558960129",2021-07-21 22:21:16,"1417972973558960129","1256088677375258625","everyone",NA,NA,"2020-05-01T05:11:11.000Z","DavidMK187","Immortal Batman","https://pbs.twimg.com/profile_images/1621522381780193284/VPIeuGKk_normal.jpg",FALSE,FALSE,"â€œThe~â€â€R~â€@= Resistance Cabal United. #DemVoice1, #wtpBLUE, Hurricane Batman.","1557769104441819136",25,0,0,0,0,NA,2932,4320,166375,6,NA,"Tampa Bay Area spewed 
ğŸ˜£sewage 
ğŸ˜£wastewater
ğŸ˜£â€œIndustrial reuse waterâ€
 
Florida has an infrastructure crisis, #ClimateCrisis, and leadership problem. Welcome back from Texas Ron.

#BuildBackBetterFL 
give the GQP ""deregathons"" a pass.

#DemCastFL #ONEV1
https://t.co/idzykpgUXT https://t.co/7JPJvCkN0y"
"63","RT @DemsKeys: Tampa Bay Area spewed 
ğŸ˜£sewage 
ğŸ˜£wastewater
ğŸ˜£â€œIndustrial reuse waterâ€
 
Florida has an infrastructure crisis, #ClimateCrisis,â€¦","en",FALSE,"1417979694167859207",2021-07-21 22:47:58,"1417979694167859207","419238022","everyone",NA,NA,"2011-11-23T03:48:25.000Z","Tildys","Melissa Longanecker ğŸ’”","https://pbs.twimg.com/profile_images/1295430075958153219/1ULKH-Td_normal.jpg",FALSE,FALSE,"ğŸ’™#Resister ğŸ”¥#Persister â˜®ï¸ #GunReform ğŸ—³#VotingRights ğŸŒ #ClimateAction ğŸ–¤ğŸ¤#BLM â™€ï¸#WomensRights ğŸŒˆ#LGBQTğŸ—³#DemCastFL ğŸ—³ #wtpBLUE ğŸ—³ #DemVoice1ğŸ—³ #ONEV1","1403718936265478144",25,0,0,0,0,NA,7968,8226,117793,21,NA,"Tampa Bay Area spewed 
ğŸ˜£sewage 
ğŸ˜£wastewater
ğŸ˜£â€œIndustrial reuse waterâ€
 
Florida has an infrastructure crisis, #ClimateCrisis, and leadership problem. Welcome back from Texas Ron.

#BuildBackBetterFL 
give the GQP ""deregathons"" a pass.

#DemCastFL #ONEV1
https://t.co/idzykpgUXT https://t.co/7JPJvCkN0y"
"64","RT @DemsKeys: Tampa Bay Area spewed 
ğŸ˜£sewage 
ğŸ˜£wastewater
ğŸ˜£â€œIndustrial reuse waterâ€
 
Florida has an infrastructure crisis, #ClimateCrisis,â€¦","en",FALSE,"1418014656505974785",2021-07-22 01:06:54,"1418014656505974785","2903133183","everyone",NA,NA,"2014-12-03T01:56:32.000Z","TimeIsNow2020","The time is now! Democracy is at stake ğŸ’” ğŸŒŠ","https://pbs.twimg.com/profile_images/544993363951628289/czp9_GEt_normal.jpeg",FALSE,FALSE,"Floridian, USAF Veteran, Son of a WWII POW, Vote Blue in 2022. wtpBLUE  DemCastFL Resist Resistance. Opinions are my own.","1500984721001652224",25,0,0,0,0,NA,11836,12484,97963,21,NA,"Tampa Bay Area spewed 
ğŸ˜£sewage 
ğŸ˜£wastewater
ğŸ˜£â€œIndustrial reuse waterâ€
 
Florida has an infrastructure crisis, #ClimateCrisis, and leadership problem. Welcome back from Texas Ron.

#BuildBackBetterFL 
give the GQP ""deregathons"" a pass.

#DemCastFL #ONEV1
https://t.co/idzykpgUXT https://t.co/7JPJvCkN0y"
"65","@DemsKeys @TimeIsNow2020 #TampaBay #Sarasota &amp; rest of #Florida should rid themselves of @GovRonDeSantis who cares so very little about the people &amp; lives of #Florida residents.

Heâ€™s focused on his #Political future, not on #COVID19 or curbing #Corporations from #Pollution.

#Tampa #Bradenton #RedTide","en",FALSE,"1418016769281769473",2021-07-22 01:15:17,"1417866029544390667","1154952166815281157","everyone","1161269334188183553","Pennsylvania, USA","2019-07-27T03:10:29.000Z","Starbright489","Starbright489 #VotingRightsFoundational","https://pbs.twimg.com/profile_images/1254656343107088385/hAULf7RX_normal.jpg",FALSE,FALSE,"#OnePersonOneVote #STOPWhiteTerrorism: PA constituent, BFA painting/educ, illustrator, sailor. *Time for majority rule* #ElectionReform. RT not endorsement","1563680695922434048",2,0,1,0,0,NA,228,3369,41898,1,NA,NA
"66","RT @DemsKeys: Tampa Bay Area spewed 
ğŸ˜£sewage 
ğŸ˜£wastewater
ğŸ˜£â€œIndustrial reuse waterâ€
 
Florida has an infrastructure crisis, #ClimateCrisis,â€¦","en",FALSE,"1418031626739720193",2021-07-22 02:14:20,"1418031626739720193","25299335","everyone",NA,"Parkland, FL","2009-03-19T14:05:25.000Z","Kiwiheather","Heather ~ Parkland Mom","https://pbs.twimg.com/profile_images/1397548727565434880/rGXtBQ9g_normal.jpg",FALSE,FALSE,"#MSDStrong
#BlackLivesMatter 
â¤ï¸ğŸ§¡ğŸ’›ğŸ’šğŸ’™ğŸ’œ 
#DemcastFL  
Goals:
#RubioOut
#FlipFloridaBlue
#ElectWomen
#BanAssaultWeapons ğŸ¦…ğŸ’”","964362894606389250",25,0,0,0,0,NA,7935,6378,14821,12,NA,"Tampa Bay Area spewed 
ğŸ˜£sewage 
ğŸ˜£wastewater
ğŸ˜£â€œIndustrial reuse waterâ€
 
Florida has an infrastructure crisis, #ClimateCrisis, and leadership problem. Welcome back from Texas Ron.

#BuildBackBetterFL 
give the GQP ""deregathons"" a pass.

#DemCastFL #ONEV1
https://t.co/idzykpgUXT https://t.co/7JPJvCkN0y"
"67","RT @DemsKeys: Tampa Bay Area spewed 
ğŸ˜£sewage 
ğŸ˜£wastewater
ğŸ˜£â€œIndustrial reuse waterâ€
 
Florida has an infrastructure crisis, #ClimateCrisis,â€¦","en",FALSE,"1418095118439964679",2021-07-22 06:26:37,"1418095118439964679","3511420753","everyone",NA,"beautiful NorCal","2015-09-10T03:53:39.000Z","pfefer_r","Pinky says vote blue #Resistâ˜®ï¸","https://pbs.twimg.com/profile_images/1272417056214810624/UW2cCoqt_normal.jpg",FALSE,FALSE,"Punk rock lesbo mom. Guitar, songwriter, producer. Lover of US constitution, make a better world. #49ers
Proud to #RESIST since 1980. #VoteBlue 
No DMs  #Z24","1541309157722099712",25,0,0,0,0,NA,7796,8582,92153,6,NA,"Tampa Bay Area spewed 
ğŸ˜£sewage 
ğŸ˜£wastewater
ğŸ˜£â€œIndustrial reuse waterâ€
 
Florida has an infrastructure crisis, #ClimateCrisis, and leadership problem. Welcome back from Texas Ron.

#BuildBackBetterFL 
give the GQP ""deregathons"" a pass.

#DemCastFL #ONEV1
https://t.co/idzykpgUXT https://t.co/7JPJvCkN0y"
"68","RT @DemsKeys: Tampa Bay Area spewed 
ğŸ˜£sewage 
ğŸ˜£wastewater
ğŸ˜£â€œIndustrial reuse waterâ€
 
Florida has an infrastructure crisis, #ClimateCrisis,â€¦","en",FALSE,"1418099259786862592",2021-07-22 06:43:05,"1418099259786862592","315310596","everyone",NA,"Delray Beach, FLORIDA ","2011-06-11T17:10:16.000Z","MarilynEgan1","Marilyn Egan","https://pbs.twimg.com/profile_images/871735992423768064/CYg2OR6I_normal.jpg",FALSE,FALSE,"Environmental & political activist","1234140382209957889",25,0,0,0,0,NA,4376,4804,75543,3,NA,"Tampa Bay Area spewed 
ğŸ˜£sewage 
ğŸ˜£wastewater
ğŸ˜£â€œIndustrial reuse waterâ€
 
Florida has an infrastructure crisis, #ClimateCrisis, and leadership problem. Welcome back from Texas Ron.

#BuildBackBetterFL 
give the GQP ""deregathons"" a pass.

#DemCastFL #ONEV1
https://t.co/idzykpgUXT https://t.co/7JPJvCkN0y"
"69","@DKMCCL @ProjectLincoln @RonDeSantisFL Ummmm, he earmarked money for Red Tide a while back. It's finally been al approved. 

Do you know how much sewage Pinellas dumps in the gulf?? Google it. It's ALOT.. ","en",FALSE,"1418205565155647495",2021-07-22 13:45:30,"1417500298260647939","716577450","everyone","47738650","FL","2012-07-25T19:02:09.000Z","MichelleLinn1","MichLinn ğŸŒ´â›±","https://pbs.twimg.com/profile_images/1602028658771779587/xQ5yX2Wm_normal.jpg",FALSE,FALSE,"We are all mad here.
Mother, farm owner, Florida native... Social liberal and fiscal conservative.  Independent thinker. Typos are my specialty",NA,0,0,0,0,0,NA,310,1560,13970,3,NA,"@DKMCCL @ProjectLincoln @RonDeSantisFL Ummmm, he earmarked money for Red Tide a while back. It's finally been al approved. 

Do you know how much sewage Pinellas dumps in the gulf?? Google it. It's ALOT."
"70","1,300 gallons of raw sewage spilled into the streets of St. Petersburg a few weeks ago, indicating an infrastructural problem that put even more nitrogen into the bay, which contributes directly to red tide. Read more:  . https   www wfla com news pinellas county 13000 gallons of raw sewage discharged into smacks bayou in pinellas county. https   twitter com fl_opportunity status 1422542944825917468 video 1","en",FALSE,"1422542944825917468",2021-08-03 13:00:42,"1422542944825917468","1178312066656022529","everyone",NA,"Florida, USA","2019-09-29T14:14:33.000Z","fl_opportunity","Opportunity for All Floridians","https://pbs.twimg.com/profile_images/1585019537233158178/v8Zj6Eaq_normal.jpg",FALSE,FALSE,"Floridaâ€™s economy should work for all our families, not just those at the top. #FLFamiliesFirst","1608840712673546243",0,0,0,0,0,NA,2227,2173,1981,8,"https://t.co/C06JuLLpAR","1,300 gallons of raw sewage spilled into the streets of St. Petersburg a few weeks ago, indicating an infrastructural problem that put even more nitrogen into the bay, which contributes directly to red tide. Read more: https://t.co/6ggg7SIBbZ https://t.co/fHILbYBsgn"
"71","A temporary detour is in place on the Pinellas Trail just north of West Bay Drive due to maintenance work. 

Pinellas County will be repairing a stormwater pipe that is leaking and causing washouts and unstable ground. The repair is expected to take about two weeks. 1/2 . https   twitter com PinellasCoNews status 1426242901420429317 photo 1","en",FALSE,"1426242901420429317",2021-08-13 18:03:00,"1426242901420429317","87210710","everyone",NA,"Pinellas County, Florida","2009-11-03T15:10:56.000Z","PinellasGov","Pinellas County","https://pbs.twimg.com/profile_images/958396908858429440/ZeXWz8mM_normal.jpg",FALSE,FALSE,"Pinellas County government's latest news, events, photos, video and general information. We're on the #GulfOfMexico and #TampaBay on the west coast of #Florida.",NA,0,1,1,0,0,NA,28962,271,25857,466,"https://t.co/Gt8840coE5","A temporary detour is in place on the Pinellas Trail just north of West Bay Drive due to maintenance work. 

Pinellas County will be repairing a stormwater pipe that is leaking and causing washouts and unstable ground. The repair is expected to take about two weeks. 1/2 https://t.co/8forcQzLBZ"
"72","Residents and trail users may notice heavy equipment and crews in the area. 

Signage will mark the detour, which follows sidewalks along 4th Avenue NW, 11th Street SW, and 8th Avenue NW. 2/2 https://t.co/3xlvKCaOX6","en",FALSE,"1426242975747788802",2021-08-13 18:03:18,"1426242901420429317","87210710","everyone","87210710","Pinellas County, Florida","2009-11-03T15:10:56.000Z","PinellasGov","Pinellas County","https://pbs.twimg.com/profile_images/958396908858429440/ZeXWz8mM_normal.jpg",FALSE,FALSE,"Pinellas County government's latest news, events, photos, video and general information. We're on the #GulfOfMexico and #TampaBay on the west coast of #Florida.",NA,0,0,2,0,0,NA,28962,271,25857,466,"https://t.co/Gt8840coE5",NA
"73","Boca Ciega Bay absorbed a big flush of wastewater over the weekend @gabestern326 reports. The sewer pipe was so old the city didnâ€™t know it existed. @TB_Times @TBTimesBiz . https   www tampabay com news breaking news 2021 08 23 74500 gallons of wastewater spill into pinellas countys boca ciega bay","en",FALSE,"1430284115102912518",2021-08-24 21:41:21,"1430284115102912518","15518828","everyone",NA,"St. Petersburg, Fla.","2008-07-21T18:36:22.000Z","SharonKWn","Sharon Kennedy Wynne","https://pbs.twimg.com/profile_images/744440755456966656/bid9_O7Z_normal.jpg",FALSE,TRUE,"Sharon Kennedy Wynne, entertainment & events writer, editor at the Tampa Bay Times @TB_Times. Mom, foodie, news junkie & fan of rollercoasters and theme parks",NA,0,0,2,0,0,NA,2889,1296,15432,84,"https://t.co/nqGE2gcEFd","Boca Ciega Bay absorbed a big flush of wastewater over the weekend @gabestern326 reports. The sewer pipe was so old the city didnâ€™t know it existed. @TB_Times @TBTimesBiz https://t.co/HDaC09s9Qj"
"74","@barely_a_spec @NikkiFriedFL Pinellas is equally bad in dumping raw sewage into the bay.   But look to the real polluters here - agriculture runoff of fertilizer. ","en",FALSE,"1449039069657407491",2021-10-15 15:46:50,"1449032492325933067","1857157704","everyone","1093263310236123144","Tampa, FL","2013-09-12T11:58:10.000Z","TampaFLPolitico","Ranger Rick","https://pbs.twimg.com/profile_images/1280482594774269952/7F1X2RNT_normal.jpg",FALSE,FALSE,"Clean Air, Clean Water, Pro-Public Education, Medicare-for-all. Realist over Theory, Local over Feds.",NA,0,0,0,0,0,NA,221,305,20925,1,NA,"@barely_a_spec @NikkiFriedFL Pinellas is equally bad in dumping raw sewage into the bay.   But look to the real polluters here - agriculture runoff of fertilizer"
"75","Key in Sarasota. Why did landlords along Bayshore Boulevard, Clearwater Beach,  and Island Estates just start piping raw sewage into those bays in the mid-90s? I guess you would have to ask them, but by 2006 riding a bike up Bayshore was like walking through a sewage treatment. ","en",FALSE,"1494235208966496257",2022-02-17 09:00:10,"1494235208966496257","179165637","everyone",NA,"Riverside, CA","2010-08-16T17:28:06.000Z","jamescarrow","James Carrow","https://pbs.twimg.com/profile_images/850817161840939008/xpBkEHmL_normal.jpg",FALSE,FALSE,"Working on some low emissions power, propulsion, and transportation projects right now...",NA,0,0,0,0,0,NA,86,183,92232,0,"https://t.co/oaRRYOQYfx","Key in Sarasota. Why did landlords along Bayshore Boulevard, Clearwater Beach,  and Island Estates just start piping raw sewage into those bays in the mid-90s? I guess you would have to ask them, but by 2006 riding a bike up Bayshore was like walking through a sewage treatment"
"76","300,000 gallons of raw sewage spill into Pinellas County neighborhood - Tampa Bay Times -  #GoogleAlerts. https   www tampabay com news health 2022 07 22 300000 gallons of raw sewage spill into pinellas county neighborhood","en",FALSE,"1551189446741168134",2022-07-24 12:55:58,"1551189446741168134","534263140","everyone",NA,NA,"2012-03-23T12:49:26.000Z","FloridaIssues","Florida Issues","https://pbs.twimg.com/profile_images/1169906487172333577/HqrgWFkr_normal.jpg",FALSE,FALSE,"",NA,1,0,1,0,0,NA,1024,11,135873,38,NA,"300,000 gallons of raw sewage spill into Pinellas County neighborhood - Tampa Bay Times - https://t.co/65vW3aNSfQ #GoogleAlerts"
"77","RT @FloridaIssues: 300,000 gallons of raw sewage spill into Pinellas County neighborhood - Tampa Bay Times - https://t.co/65vW3aNSfQ #Googlâ€¦","en",FALSE,"1551524483655208961",2022-07-25 11:07:17,"1551524483655208961","2414913756","everyone",NA,"Florida","2014-03-27T21:29:48.000Z","LeChatNoire4","Le Chat Biden Democrat","https://pbs.twimg.com/profile_images/1044311228661694464/8WGI5ptD_normal.jpg",FALSE,FALSE,"#VOTE BLUE 2022 ğŸŒŠğŸ‡ºğŸ‡¸ğŸŒŠ #BuyARepublicanToday! no DMâ€™s","1222268511134896129",1,0,0,0,0,NA,14256,13683,1102946,336,NA,"300,000 gallons of raw sewage spill into Pinellas County neighborhood - Tampa Bay Times - https://t.co/65vW3aNSfQ #GoogleAlerts"
"78","@AlexisStargazer We are no stewards of this planet and we donâ€™t deserve nice things. Neither land or sea is safe. ğŸ˜¥ . https   www tampabay com news health 2022 07 22 300000 gallons of raw sewage spill into pinellas county neighborhood","en",FALSE,"1552779145947631616",2022-07-28 22:12:52,"1552777229100367878","24066976","everyone","19752399","St Petersburg (not that one) ","2009-03-12T23:24:15.000Z","boxdog1031","Not DexterğŸ³ï¸â€ğŸŒˆ","https://pbs.twimg.com/profile_images/1544285990398959622/yETnBtil_normal.jpg",FALSE,FALSE,"St Petersburg Fl via The Hudson River Fire DeSantis Go Gators and Say Gay, Fl. Please donâ€™t pop in and ask me how Iâ€™m doing.","1500181216368209920",0,0,1,0,0,"5d231ed8656fcf5a",511,312,55311,18,NA,"@AlexisStargazer We are no stewards of this planet and we donâ€™t deserve nice things. Neither land or sea is safe. ğŸ˜¥ https://t.co/VH6WxlMLql"
"79","@JSJohnstonauthr @GoldBlooded79 Maybe it's just Pinellas beaches with their cyanobacteria from the Great Pinellas Park sewage dump and other pollutantsğŸ˜–. ","en",FALSE,"1584486620832534528",2022-10-24 10:07:03,"1584303599797968896","1219032025769881605","everyone","1535353503144718336","Florida, USA","2020-01-19T23:01:09.000Z","BrujaAnon","MSFighterâ™¿ğŸ—â˜®ï¸ğŸ³ï¸â€ğŸŒˆ","https://pbs.twimg.com/profile_images/1350116284327981058/3_GmLbhP_normal.jpg",FALSE,FALSE,"Retired military. #WritingCommunity #PTSD #MS #LGBTQ #Hypoparathyroidism #RA #depression #TBI #FBR #atheist #dogs #cats CanoNina on Mastadon and Post ğŸ˜Š",NA,0,1,1,0,0,NA,1870,3800,84094,8,NA,"@JSJohnstonauthr @GoldBlooded79 Maybe it's just Pinellas beaches with their cyanobacteria from the Great Pinellas Park sewage dump and other pollutantsğŸ˜–"
